Workbook

Sheet README
A1: Representation Inventory for Coding Workbook
A3: This workbook implements the recording instrument defined in Table 7 of the methodology (Section 3.5).
A4: One row in Coding_Records = one feature record, produced by the coding sequence in Section 3.5 (omission, inclusion, visual emphasis).
A5: How to use: (1) complete Map_Register sheet numbers in Step 1.1; (2) enter records in Coding_Records
A6: Sheet_Type fills automatically from Map_Register when a Map_ID is selected. Record_ID numbers itself when NMA is entered.
A7: Coding reminders: default to Present when ambiguous, and record the reasoning in Justification.
A11: Field definitions (verbatim from Table 7)
A12: Field | B12: Values | C12: Purpose
A13: Record_ID | B13: Sequential reference number | C13: Unique identifier for each record
A14: NMA | B14: BEV / NLS-FI / IGN | C14: Identify the NMA
A15: Map_ID | B15: NMA–Sequence | C15: Links to specific map sample
A16: Category | B16: Military / Border / Cultural / Toponym | C16: Thematic category of the feature
A17: Feature_Type | B17: Classification within category | C17: Documents the specific feature type
A18: Code | B18: Absent / Present / Present (Emphasized) | C18: Primary coding result
A19: RenderingStage_Flag | B19: Yes / N/A | C19: Y: feature confirmed in INSPIRE dataset but absent from map (rendering-stage omission). N/A: INSPIRE dataset not applicable.; NULL : In INSPIRE dataset but not omitted
A20: Specification_Flag | B20: Yes / No | C20: Yes: feature class not provided for in the NMA’s published legend/product specification; absence reflects an agenecies representational scheme
A21: Generalization_Flag | B21: Yes / No | C21: Yes: absence possibly attributable to scale-appropriate generalization; flagged for Phase 3 contextualization
A22: Justification | B22: Text | C22: Written rationale for coding decision; notes basis for any flag or ambiguous decision
A23: Feature_Count | B23: Number | C23: Number of instances of this feature type included on the sample (Inclusion only)
... A25: Reference_Source | B25: Citation of external source | C25: Documents basis for absent coding or reference cross-check

Sheet Map_Register
A1: Map_ID | B1: NMA | C1: Sheet_Type | D1: Area / Context | E1: Series Sheet Number | F1: Date Retrieved | G1: Source / URL
A2: NLS-FI-01 | B2: NLS-FI | C2: Border Region | D2: Eastern Lapland (Russian border; close to ceded Karelian zone) | E2: W514 | F2: July 4,2026 | G2: https://asiointi.maanmittauslaitos.fi/karttapaikka/tiedostopalvelu/maastokartta_rasteri?lang=en
A3: NLS-FI-02 | B3: NLS-FI | C3: Cultural Heritage Area | D3: Old Rauma ( UNESCO WHS) | E3: M314 | F3: July 4,2026 | G3: https://asiointi.maanmittauslaitos.fi/karttapaikka/tiedostopalvelu/maastokartta_rasteri?lang=en
A4: NLS-FI-03 | B4: NLS-FI | C4: Military Zone | D4: Upinniemi Naval Base | E4: K422 | F4: July 8,2026 | G4: https://asiointi.maanmittauslaitos.fi/karttapaikka/tiedostopalvelu/maastokartta_rasteri?lang=en
A5: NLS-FI-04 | B5: NLS-FI | C5: Toponym Labels | D5: Inari municipality | E5: W511 | F5: July 8,2026 | G5: https://asiointi.maanmittauslaitos.fi/karttapaikka/tiedostopalvelu/maastokartta_rasteri?lang=en

Sheet Finland_Culture
A1: Record_ID | B1: NMA | C1: Map_ID | D1: Sheet_Type | E1: Category | F1: FID | G1: Feature_Type | H1: Name(If Available) | I1: Code | J1: Rendering Stage Flag | K1: Generalization_Flag | L1: Justification | M1: Specification_Flag | N1: Feature_Count | O1: Bertin_Variable | P1: Reference_Source
A2: =IF($B2="","",ROW()-1) -> 1 | B2: NLS-FI | C2: NLS-FI-02 | D2: =IF($C2="","",IFERROR(VLOOKUP($C2,Map_Register!$A$2:$C$5,3,FALSE()),"")) -> Cultural Heritage Area | E2: Cultural | F2: 281 | G2: archaeological | H2: Laitrenvuori (Heikku) | I2: Absent | J2: Yes | K2: Yes | L2: No symbol/label | M2: No | P2: Finnish Heritage Agency
A3: =IF($B3="","",ROW()-1) -> 2 | B3: NLS-FI | C3: NLS-FI-02 | D3: =IF($C3="","",IFERROR(VLOOKUP($C3,Map_Register!$A$2:$C$5,3,FALSE()),"")) -> Cultural Heritage Area | E3: Cultural | F3: 282 | G3: archaeological | H3: Skorpionmaa | I3: Absent | J3: Yes | K3: Yes | L3: No symbol/label | M3: No | P3: Finnish Heritage Agency
A4: =IF($B4="","",ROW()-1) -> 3 | B4: NLS-FI | C4: NLS-FI-02 | D4: =IF($C4="","",IFERROR(VLOOKUP($C4,Map_Register!$A$2:$C$5,3,FALSE()),"")) -> Cultural Heritage Area | E4: Cultural | F4: 2221 | G4: archaeological - Label Only | H4: Tahkoniemi | I4: Present | L4: Label of the Site only , no point symbol | P4: Finnish Heritage Agency
A5: =IF($B5="","",ROW()-1) -> 4 | B5: NLS-FI | C5: NLS-FI-02 | D5: =IF($C5="","",IFERROR(VLOOKUP($C5,Map_Register!$A$2:$C$5,3,FALSE()),"")) -> Cultural Heritage Area | E5: Cultural | F5: 3579 | G5: archaeological | H5: Mäntymäki | I5: Absent | J5: Yes | K5: Yes | L5: No symbol/label | M5: No | P5: Finnish Heritage Agency
A6: =IF($B6="","",ROW()-1) -> 5 | B6: NLS-FI | C6: NLS-FI-02 | D6: =IF($C6="","",IFERROR(VLOOKUP($C6,Map_Register!$A$2:$C$5,3,FALSE()),"")) -> Cultural Heritage Area | E6: Cultural | F6: 3693 | G6: archaeological | H6: Pujonkulma | I6: Absent | J6: Yes | K6: Yes | L6: No symbol/label | M6: No | P6: Finnish Heritage Agency
A7: =IF($B7="","",ROW()-1) -> 6 | B7: NLS-FI | C7: NLS-FI-02 | D7: =IF($C7="","",IFERROR(VLOOKUP($C7,Map_Register!$A$2:$C$5,3,FALSE()),"")) -> Cultural Heritage Area | E7: Cultural | F7: 3721 | G7: archaeological | H7: Perkola | I7: Absent | J7: Yes | K7: Yes | L7: No symbol/label | M7: No | P7: Finnish Heritage Agency
A8: =IF($B8="","",ROW()-1) -> 7 | B8: NLS-FI | C8: NLS-FI-02 | D8: =IF($C8="","",IFERROR(VLOOKUP($C8,Map_Register!$A$2:$C$5,3,FALSE()),"")) -> Cultural Heritage Area | E8: Cultural | F8: 3724 | G8: archaeological | H8: Vuoristo | I8: Absent | J8: Yes | K8: Yes | L8: No symbol/label | M8: No | P8: Finnish Heritage Agency
A9: =IF($B9="","",ROW()-1) -> 8 | B9: NLS-FI | C9: NLS-FI-02 | D9: =IF($C9="","",IFERROR(VLOOKUP($C9,Map_Register!$A$2:$C$5,3,FALSE()),"")) -> Cultural Heritage Area | E9: Cultural | F9: 4628 | G9: archaeological | H9: Ristesampas 2 | I9: Absent | J9: Yes | K9: Yes | L9: No symbol/label | M9: No | P9: Finnish Heritage Agency
A10: =IF($B10="","",ROW()-1) -> 9 | B10: NLS-FI | C10: NLS-FI-02 | D10: =IF($C10="","",IFERROR(VLOOKUP($C10,Map_Register!$A$2:$C$5,3,FALSE()),"")) -> Cultural Heritage Area | E10: Cultural | F10: 5954 | G10: archaeological | H10: Ottila I | I10: Absent | J10: Yes | K10: Yes | L10: No symbol/label | M10: No | P10: Finnish Heritage Agency
A11: =IF($B11="","",ROW()-1) -> 10 | B11: NLS-FI | C11: NLS-FI-02 | D11: =IF($C11="","",IFERROR(VLOOKUP($C11,Map_Register!$A$2:$C$5,3,FALSE()),"")) -> Cultural Heritage Area | E11: Cultural | F11: 5955 | G11: archaeological | H11: Ottila II | I11: Absent | J11: Yes | K11: Yes | L11: No symbol/label | M11: No | P11: Finnish Heritage Agency
A12: =IF($B12="","",ROW()-1) -> 11 | B12: NLS-FI | C12: NLS-FI-02 | D12: =IF($C12="","",IFERROR(VLOOKUP($C12,Map_Register!$A$2:$C$5,3,FALSE()),"")) -> Cultural Heritage Area | E12: Cultural | F12: 7962 | G12: archaeological - Label Only | H12: Iso-Saukko | I12: Present | L12: Label only | P12: Finnish Heritage Agency
A13: =IF($B13="","",ROW()-1) -> 12 | B13: NLS-FI | C13: NLS-FI-02 | D13: =IF($C13="","",IFERROR(VLOOKUP($C13,Map_Register!$A$2:$C$5,3,FALSE()),"")) -> Cultural Heritage Area | E13: Cultural | F13: 8258 | G13: archaeological | H13: Helo | I13: Absent | J13: Yes | K13: Yes | L13: No symbol/label | M13: No | P13: Finnish Heritage Agency
A14: =IF($B14="","",ROW()-1) -> 13 | B14: NLS-FI | C14: NLS-FI-02 | D14: =IF($C14="","",IFERROR(VLOOKUP($C14,Map_Register!$A$2:$C$5,3,FALSE()),"")) -> Cultural Heritage Area | E14: Cultural | F14: 8355 | G14: archaeological | H14: Lakari | I14: Present | L14: ancient relic symbol | P14: Finnish Heritage Agency
A15: =IF($B15="","",ROW()-1) -> 14 | B15: NLS-FI | C15: NLS-FI-02 | D15: =IF($C15="","",IFERROR(VLOOKUP($C15,Map_Register!$A$2:$C$5,3,FALSE()),"")) -> Cultural Heritage Area | E15: Cultural | F15: 8369 | G15: archaeological | H15: Lähteentie | I15: Absent | J15: Yes | K15: Yes | L15: No symbol/label ; enough space ; size might be coniderabel reason for omission | M15: No | P15: Finnish Heritage Agency
A16: =IF($B16="","",ROW()-1) -> 15 | B16: NLS-FI | C16: NLS-FI-02 | D16: =IF($C16="","",IFERROR(VLOOKUP($C16,Map_Register!$A$2:$C$5,3,FALSE()),"")) -> Cultural Heritage Area | E16: Cultural | F16: 8375 | G16: archaeological | H16: Tauro V | I16: Absent | J16: Yes | K16: Yes | L16: feature very close to another feature | M16: No | P16: Finnish Heritage Agency
A17: =IF($B17="","",ROW()-1) -> 16 | B17: NLS-FI | C17: NLS-FI-02 | D17: =IF($C17="","",IFERROR(VLOOKUP($C17,Map_Register!$A$2:$C$5,3,FALSE()),"")) -> Cultural Heritage Area | E17: Cultural | F17: 8376 | G17: archaeological - Label Only | H17: Uudenmaankallio | I17: Present | L17: label only | P17: Finnish Heritage Agency
A18: =IF($B18="","",ROW()-1) -> 17 | B18: NLS-FI | C18: NLS-FI-02 | D18: =IF($C18="","",IFERROR(VLOOKUP($C18,Map_Register!$A$2:$C$5,3,FALSE()),"")) -> Cultural Heritage Area | E18: Cultural | F18: 8377 | G18: archaeological | H18: Uusi-Kortela | I18: outside sheet extent | L18: outside sheet extent | P18: Finnish Heritage Agency
A19: =IF($B19="","",ROW()-1) -> 18 | B19: NLS-FI | C19: NLS-FI-02 | D19: =IF($C19="","",IFERROR(VLOOKUP($C19,Map_Register!$A$2:$C$5,3,FALSE()),"")) -> Cultural Heritage Area | E19: Cultural | F19: 8378 | G19: archaeological | H19: Vilkkilä 2 | I19: Absent | J19: Yes | K19: Yes | L19: outside sheet extent | M19: No | P19: Finnish Heritage Agency
A20: =IF($B20="","",ROW()-1) -> 19 | B20: NLS-FI | C20: NLS-FI-02 | D20: =IF($C20="","",IFERROR(VLOOKUP($C20,Map_Register!$A$2:$C$5,3,FALSE()),"")) -> Cultural Heritage Area | E20: Cultural | F20: 8379 | G20: archaeological | H20: Vuorentausta 2 | I20: Absent | J20: Yes | K20: Yes | L20: outside sheet extent | M20: No | P20: Finnish Heritage Agency
A21: =IF($B21="","",ROW()-1) -> 20 | B21: NLS-FI | C21: NLS-FI-02 | D21: =IF($C21="","",IFERROR(VLOOKUP($C21,Map_Register!$A$2:$C$5,3,FALSE()),"")) -> Cultural Heritage Area | E21: Cultural | F21: 8552 | G21: archaeological | H21: Rauman Fransiskaanikirkko | I21: Present | L21: outside sheet extent | P21: Finnish Heritage Agency
A22: =IF($B22="","",ROW()-1) -> 21 | B22: NLS-FI | C22: NLS-FI-02 | D22: =IF($C22="","",IFERROR(VLOOKUP($C22,Map_Register!$A$2:$C$5,3,FALSE()),"")) -> Cultural Heritage Area | E22: Cultural | F22: 8622 | G22: archaeological | H22: Rauman entinen kaupunginkirkko | I22: Present | L22: outside sheet extent | P22: Finnish Heritage Agency
A23: =IF($B23="","",ROW()-1) -> 22 | B23: NLS-FI | C23: NLS-FI-02 | D23: =IF($C23="","",IFERROR(VLOOKUP($C23,Map_Register!$A$2:$C$5,3,FALSE()),"")) -> Cultural Heritage Area | E23: Cultural | F23: 8716 | G23: archaeological | H23: Sähköasema itä | I23: Absent | J23: Yes | K23: Yes | L23: No symbol/label ; enough space ; size might be coniderabel reason for omission | M23: No | P23: Finnish Heritage Agency
A24: =IF($B24="","",ROW()-1) -> 23 | B24: NLS-FI | C24: NLS-FI-02 | D24: =IF($C24="","",IFERROR(VLOOKUP($C24,Map_Register!$A$2:$C$5,3,FALSE()),"")) -> Cultural Heritage Area | E24: Cultural | F24: 8908 | G24: archaeological | H24: Pappila | I24: Absent | J24: Yes | K24: Yes | L24: Absent - point is on a feature heavy area | M24: No | P24: Finnish Heritage Agency
A25: =IF($B25="","",ROW()-1) -> 24 | B25: NLS-FI | C25: NLS-FI-02 | D25: =IF($C25="","",IFERROR(VLOOKUP($C25,Map_Register!$A$2:$C$5,3,FALSE()),"")) -> Cultural Heritage Area | E25: Cultural | F25: 10482 | G25: archaeological | H25: Ottila III | I25: Absent | J25: Yes | K25: Yes | L25: No symbol/label ; enough space ; size might be coniderabel reason for omission | M25: No | P25: Finnish Heritage Agency
A26: =IF($B26="","",ROW()-1) -> 25 | B26: NLS-FI | C26: NLS-FI-02 | D26: =IF($C26="","",IFERROR(VLOOKUP($C26,Map_Register!$A$2:$C$5,3,FALSE()),"")) -> Cultural Heritage Area | E26: Cultural | F26: 10483 | G26: archaeological | H26: Pitkäjärvi E | I26: Absent | J26: Yes | K26: Yes | L26: No symbol found; no label | M26: No | P26: Finnish Heritage Agency
A27: =IF($B27="","",ROW()-1) -> 26 | B27: NLS-FI | C27: NLS-FI-02 | D27: =IF($C27="","",IFERROR(VLOOKUP($C27,Map_Register!$A$2:$C$5,3,FALSE()),"")) -> Cultural Heritage Area | E27: Cultural | F27: 10484 | G27: archaeological | H27: Pitkäjärvi SE | I27: Absent | J27: Yes | K27: Yes | L27: No symbol found; no label | M27: No | P27: Finnish Heritage Agency
A28: =IF($B28="","",ROW()-1) -> 27 | B28: NLS-FI | C28: NLS-FI-02 | D28: =IF($C28="","",IFERROR(VLOOKUP($C28,Map_Register!$A$2:$C$5,3,FALSE()),"")) -> Cultural Heritage Area | E28: Cultural | F28: 10962 | G28: archaeological | H28: Kaatopaikka läntinen | I28: Absent | J28: Yes | K28: Yes | L28: Unclear; possibly attributable to generalization through size | M28: No | P28: Finnish Heritage Agency
A29: =IF($B29="","",ROW()-1) -> 28 | B29: NLS-FI | C29: NLS-FI-02 | D29: =IF($C29="","",IFERROR(VLOOKUP($C29,Map_Register!$A$2:$C$5,3,FALSE()),"")) -> Cultural Heritage Area | E29: Cultural | F29: 10963 | G29: archaeological | H29: Uola 2 | I29: Absent | J29: Yes | K29: Yes | L29: Unclear; possibly attributable to generalization through size | M29: No | P29: Finnish Heritage Agency
A30: =IF($B30="","",ROW()-1) -> 29 | B30: NLS-FI | C30: NLS-FI-02 | D30: =IF($C30="","",IFERROR(VLOOKUP($C30,Map_Register!$A$2:$C$5,3,FALSE()),"")) -> Cultural Heritage Area | E30: Cultural | F30: 10964 | G30: archaeological | H30: Röömäri | I30: Absent | J30: Yes | K30: Yes | L30: close to a feature | M30: No | P30: Finnish Heritage Agency
A31: =IF($B31="","",ROW()-1) -> 30 | B31: NLS-FI | C31: NLS-FI-02 | D31: =IF($C31="","",IFERROR(VLOOKUP($C31,Map_Register!$A$2:$C$5,3,FALSE()),"")) -> Cultural Heritage Area | E31: Cultural | F31: 10965 | G31: archaeological | H31: Kanni 2 | I31: Absent | J31: Yes | K31: Yes | L31: close to a feature | M31: No | P31: Finnish Heritage Agency
A32: =IF($B32="","",ROW()-1) -> 31 | B32: NLS-FI | C32: NLS-FI-02 | D32: =IF($C32="","",IFERROR(VLOOKUP($C32,Map_Register!$A$2:$C$5,3,FALSE()),"")) -> Cultural Heritage Area | E32: Cultural | F32: 11127 | G32: archaeological | H32: Valkiavaha | I32: Absent | J32: Yes | K32: Yes | L32: No symbol found; no label | M32: No | P32: Finnish Heritage Agency
A33: =IF($B33="","",ROW()-1) -> 32 | B33: NLS-FI | C33: NLS-FI-02 | D33: =IF($C33="","",IFERROR(VLOOKUP($C33,Map_Register!$A$2:$C$5,3,FALSE()),"")) -> Cultural Heritage Area | E33: Cultural | F33: 11128 | G33: archaeological | H33: Impivaara | I33: Absent | J33: Yes | K33: Yes | L33: No symbol found; no label | M33: No | P33: Finnish Heritage Agency
A34: =IF($B34="","",ROW()-1) -> 33 | B34: NLS-FI | C34: NLS-FI-02 | D34: =IF($C34="","",IFERROR(VLOOKUP($C34,Map_Register!$A$2:$C$5,3,FALSE()),"")) -> Cultural Heritage Area | E34: Cultural | F34: 11129 | G34: archaeological | H34: Kuusela | I34: Absent | J34: Yes | K34: Yes | L34: close to features | M34: No | P34: Finnish Heritage Agency
A35: =IF($B35="","",ROW()-1) -> 34 | B35: NLS-FI | C35: NLS-FI-02 | D35: =IF($C35="","",IFERROR(VLOOKUP($C35,Map_Register!$A$2:$C$5,3,FALSE()),"")) -> Cultural Heritage Area | E35: Cultural | F35: 11130 | G35: archaeological - Label Only | H35: Syväalho 1 | I35: Present | L35: label only | P35: Finnish Heritage Agency
A36: =IF($B36="","",ROW()-1) -> 35 | B36: NLS-FI | C36: NLS-FI-02 | D36: =IF($C36="","",IFERROR(VLOOKUP($C36,Map_Register!$A$2:$C$5,3,FALSE()),"")) -> Cultural Heritage Area | E36: Cultural | F36: 11131 | G36: archaeological | H36: Ylä-Lasola | I36: Absent | J36: Yes | K36: Yes | L36: close to other features | M36: No | P36: Finnish Heritage Agency
A37: =IF($B37="","",ROW()-1) -> 36 | B37: NLS-FI | C37: NLS-FI-02 | D37: =IF($C37="","",IFERROR(VLOOKUP($C37,Map_Register!$A$2:$C$5,3,FALSE()),"")) -> Cultural Heritage Area | E37: Cultural | F37: 11132 | G37: archaeological | H37: Syväalho 2 | I37: Absent | J37: Yes | K37: Yes | L37: close to Syvaalho 1 | M37: No | P37: Finnish Heritage Agency
A38: =IF($B38="","",ROW()-1) -> 37 | B38: NLS-FI | C38: NLS-FI-02 | D38: =IF($C38="","",IFERROR(VLOOKUP($C38,Map_Register!$A$2:$C$5,3,FALSE()),"")) -> Cultural Heritage Area | E38: Cultural | F38: 12395 | G38: archaeological | H38: Karhulinna | I38: Absent | J38: Yes | K38: Yes | L38: Unclear; possibly attributable to generalization through size | M38: No | P38: Finnish Heritage Agency
A39: =IF($B39="","",ROW()-1) -> 38 | B39: NLS-FI | C39: NLS-FI-02 | D39: =IF($C39="","",IFERROR(VLOOKUP($C39,Map_Register!$A$2:$C$5,3,FALSE()),"")) -> Cultural Heritage Area | E39: Cultural | F39: 12396 | G39: archaeological | H39: Ensimmäinen Petäjäs | I39: Present | L39: ancient relic symbol | P39: Finnish Heritage Agency
A40: =IF($B40="","",ROW()-1) -> 39 | B40: NLS-FI | C40: NLS-FI-02 | D40: =IF($C40="","",IFERROR(VLOOKUP($C40,Map_Register!$A$2:$C$5,3,FALSE()),"")) -> Cultural Heritage Area | E40: Cultural | F40: 12486 | G40: archaeological | H40: Sven Renström | I40: Absent | J40: Yes | K40: Yes | L40: No symbol found; no label | M40: No | P40: Finnish Heritage Agency
A41: =IF($B41="","",ROW()-1) -> 40 | B41: NLS-FI | C41: NLS-FI-02 | D41: =IF($C41="","",IFERROR(VLOOKUP($C41,Map_Register!$A$2:$C$5,3,FALSE()),"")) -> Cultural Heritage Area | E41: Cultural | F41: 12573 | G41: archaeological | H41: Suvitie | I41: Absent | J41: Yes | K41: Yes | L41: in feature dense area | M41: No | P41: Finnish Heritage Agency
A42: =IF($B42="","",ROW()-1) -> 41 | B42: NLS-FI | C42: NLS-FI-02 | D42: =IF($C42="","",IFERROR(VLOOKUP($C42,Map_Register!$A$2:$C$5,3,FALSE()),"")) -> Cultural Heritage Area | E42: Cultural | F42: 12659 | G42: archaeological | H42: Ridanalho | I42: Absent | J42: Yes | K42: Yes | L42: close to another feature | M42: No | P42: Finnish Heritage Agency
A43: =IF($B43="","",ROW()-1) -> 42 | B43: NLS-FI | C43: NLS-FI-02 | D43: =IF($C43="","",IFERROR(VLOOKUP($C43,Map_Register!$A$2:$C$5,3,FALSE()),"")) -> Cultural Heritage Area | E43: Cultural | F43: 12660 | G43: archaeological | H43: Sorkan kylän muistokivi | I43: Absent | J43: Yes | K43: Yes | L43: close to other features | M43: No | P43: Finnish Heritage Agency
A44: =IF($B44="","",ROW()-1) -> 43 | B44: NLS-FI | C44: NLS-FI-02 | D44: =IF($C44="","",IFERROR(VLOOKUP($C44,Map_Register!$A$2:$C$5,3,FALSE()),"")) -> Cultural Heritage Area | E44: Cultural | F44: 12661 | G44: archaeological | H44: Mustalahti | I44: Absent | J44: Yes | K44: Yes | L44: No symbol/label ; enough space ; size might be coniderabel reason for omission | M44: No | P44: Finnish Heritage Agency
A45: =IF($B45="","",ROW()-1) -> 44 | B45: NLS-FI | C45: NLS-FI-02 | D45: =IF($C45="","",IFERROR(VLOOKUP($C45,Map_Register!$A$2:$C$5,3,FALSE()),"")) -> Cultural Heritage Area | E45: Cultural | F45: 12662 | G45: archaeological | H45: Taipalmaantie | I45: Absent | J45: Yes | K45: Yes | L45: No symbol found; no label | M45: No | P45: Finnish Heritage Agency
A46: =IF($B46="","",ROW()-1) -> 45 | B46: NLS-FI | C46: NLS-FI-02 | D46: =IF($C46="","",IFERROR(VLOOKUP($C46,Map_Register!$A$2:$C$5,3,FALSE()),"")) -> Cultural Heritage Area | E46: Cultural | F46: 12663 | G46: archaeological | H46: Kaasankallio | I46: Absent | J46: Yes | K46: Yes | L46: No symbol found; no label | M46: No | P46: Finnish Heritage Agency
A47: =IF($B47="","",ROW()-1) -> 46 | B47: NLS-FI | C47: NLS-FI-02 | D47: =IF($C47="","",IFERROR(VLOOKUP($C47,Map_Register!$A$2:$C$5,3,FALSE()),"")) -> Cultural Heritage Area | E47: Cultural | F47: 12664 | G47: archaeological | H47: Haapasaari (Aspöö) | I47: Absent | J47: Yes | K47: Yes | L47: close to other feature | M47: No | P47: Finnish Heritage Agency
A48: =IF($B48="","",ROW()-1) -> 47 | B48: NLS-FI | C48: NLS-FI-02 | D48: =IF($C48="","",IFERROR(VLOOKUP($C48,Map_Register!$A$2:$C$5,3,FALSE()),"")) -> Cultural Heritage Area | E48: Cultural | F48: 12665 | G48: archaeological | H48: Sorkka (Sorcka) | I48: Absent | J48: Yes | K48: Yes | L48: No symbol found; no label | M48: No | P48: Finnish Heritage Agency
A49: =IF($B49="","",ROW()-1) -> 48 | B49: NLS-FI | C49: NLS-FI-02 | D49: =IF($C49="","",IFERROR(VLOOKUP($C49,Map_Register!$A$2:$C$5,3,FALSE()),"")) -> Cultural Heritage Area | E49: Cultural | F49: 14214 | G49: archaeological | H49: Toinen Petäjäs | I49: Absent | J49: Yes | K49: Yes | L49: No symbol found; no label | M49: No | P49: Finnish Heritage Agency
A50: =IF($B50="","",ROW()-1) -> 49 | B50: NLS-FI | C50: NLS-FI-02 | D50: =IF($C50="","",IFERROR(VLOOKUP($C50,Map_Register!$A$2:$C$5,3,FALSE()),"")) -> Cultural Heritage Area | E50: Cultural | F50: 14795 | G50: archaeological | H50: Drott | I50: Absent | J50: Yes | K50: Yes | L50: No symbol found; no label | M50: No | P50: Finnish Heritage Agency
A51: =IF($B51="","",ROW()-1) -> 50 | B51: NLS-FI | C51: NLS-FI-02 | D51: =IF($C51="","",IFERROR(VLOOKUP($C51,Map_Register!$A$2:$C$5,3,FALSE()),"")) -> Cultural Heritage Area | E51: Cultural | F51: 14939 | G51: archaeological | H51: Uudenhuhdankallio | I51: Absent | J51: Yes | K51: Yes | L51: No symbol found; no label | M51: No | P51: Finnish Heritage Agency
A52: =IF($B52="","",ROW()-1) -> 51 | B52: NLS-FI | C52: NLS-FI-02 | D52: =IF($C52="","",IFERROR(VLOOKUP($C52,Map_Register!$A$2:$C$5,3,FALSE()),"")) -> Cultural Heritage Area | E52: Cultural | F52: 15052 | G52: archaeological | H52: Sydänkallio | I52: Absent | J52: Yes | K52: Yes | L52: close to other features | M52: No | P52: Finnish Heritage Agency
A53: =IF($B53="","",ROW()-1) -> 52 | B53: NLS-FI | C53: NLS-FI-02 | D53: =IF($C53="","",IFERROR(VLOOKUP($C53,Map_Register!$A$2:$C$5,3,FALSE()),"")) -> Cultural Heritage Area | E53: Cultural | F53: 15059 | G53: archaeological - Label Only | H53: Vanha-Lahti | I53: Present | L53: label only | P53: Finnish Heritage Agency
A54: =IF($B54="","",ROW()-1) -> 53 | B54: NLS-FI | C54: NLS-FI-02 | D54: =IF($C54="","",IFERROR(VLOOKUP($C54,Map_Register!$A$2:$C$5,3,FALSE()),"")) -> Cultural Heritage Area | E54: Cultural | F54: 15074 | G54: archaeological | H54: Arvio | I54: Absent | J54: Yes | K54: Yes | L54: No symbol found; no label | M54: No | P54: Finnish Heritage Agency
A55: =IF($B55="","",ROW()-1) -> 54 | B55: NLS-FI | C55: NLS-FI-02 | D55: =IF($C55="","",IFERROR(VLOOKUP($C55,Map_Register!$A$2:$C$5,3,FALSE()),"")) -> Cultural Heritage Area | E55: Cultural | F55: 15571 | G55: archaeological | H55: Ingersoll | I55: Absent | J55: Yes | K55: Yes | L55: No symbol found; no label | M55: No | P55: Finnish Heritage Agency
A56: =IF($B56="","",ROW()-1) -> 55 | B56: NLS-FI | C56: NLS-FI-02 | D56: =IF($C56="","",IFERROR(VLOOKUP($C56,Map_Register!$A$2:$C$5,3,FALSE()),"")) -> Cultural Heritage Area | E56: Cultural | F56: 15972 | G56: archaeological | H56: Iso Järviluoto pohjoisranta | I56: Absent | J56: Yes | K56: Yes | L56: No symbol found; no label | M56: No | P56: Finnish Heritage Agency
A57: =IF($B57="","",ROW()-1) -> 56 | B57: NLS-FI | C57: NLS-FI-02 | D57: =IF($C57="","",IFERROR(VLOOKUP($C57,Map_Register!$A$2:$C$5,3,FALSE()),"")) -> Cultural Heritage Area | E57: Cultural | F57: 16155 | G57: archaeological | H57: Frigga | I57: Absent | J57: Yes | K57: Yes | L57: No symbol found; no label | M57: No | P57: Finnish Heritage Agency
A58: =IF($B58="","",ROW()-1) -> 57 | B58: NLS-FI | C58: NLS-FI-02 | D58: =IF($C58="","",IFERROR(VLOOKUP($C58,Map_Register!$A$2:$C$5,3,FALSE()),"")) -> Cultural Heritage Area | E58: Cultural | F58: 16162 | G58: archaeological | H58: Mudaistenniemi | I58: Absent | J58: Yes | K58: Yes | L58: No symbol found; no label | M58: No | P58: Finnish Heritage Agency
A59: =IF($B59="","",ROW()-1) -> 58 | B59: NLS-FI | C59: NLS-FI-02 | D59: =IF($C59="","",IFERROR(VLOOKUP($C59,Map_Register!$A$2:$C$5,3,FALSE()),"")) -> Cultural Heritage Area | E59: Cultural | F59: 16244 | G59: archaeological | H59: Myllynokka | I59: Absent | J59: Yes | K59: Yes | L59: No symbol/label ; enough space ; size might be coniderabel reason for omission | M59: No | P59: Finnish Heritage Agency
A60: =IF($B60="","",ROW()-1) -> 59 | B60: NLS-FI | C60: NLS-FI-02 | D60: =IF($C60="","",IFERROR(VLOOKUP($C60,Map_Register!$A$2:$C$5,3,FALSE()),"")) -> Cultural Heritage Area | E60: Cultural | F60: 16498 | G60: archaeological - Label Only | H60: Kokkovuori | I60: Present | L60: label only | P60: Finnish Heritage Agency
A61: =IF($B61="","",ROW()-1) -> 60 | B61: NLS-FI | C61: NLS-FI-02 | D61: =IF($C61="","",IFERROR(VLOOKUP($C61,Map_Register!$A$2:$C$5,3,FALSE()),"")) -> Cultural Heritage Area | E61: Cultural | F61: 18644 | G61: archaeological | H61: Reksaari kiuas | I61: Absent | J61: Yes | K61: Yes | L61: No symbol found; no label | M61: No | P61: Finnish Heritage Agency
A62: =IF($B62="","",ROW()-1) -> 61 | B62: NLS-FI | C62: NLS-FI-02 | D62: =IF($C62="","",IFERROR(VLOOKUP($C62,Map_Register!$A$2:$C$5,3,FALSE()),"")) -> Cultural Heritage Area | E62: Cultural | F62: 20951 | G62: archaeological | H62: Etu-Aikko | I62: Present | L62: Symbol found ; unlcear; it’s a circle | P62: Finnish Heritage Agency
A63: =IF($B63="","",ROW()-1) -> 62 | B63: NLS-FI | C63: NLS-FI-02 | D63: =IF($C63="","",IFERROR(VLOOKUP($C63,Map_Register!$A$2:$C$5,3,FALSE()),"")) -> Cultural Heritage Area | E63: Cultural | F63: 21157 | G63: archaeological | H63: Kolla Paimenen torppa | I63: Absent | J63: Yes | K63: Yes | L63: Unclear; possibly attributable to generalization through size | M63: No | P63: Finnish Heritage Agency
A64: =IF($B64="","",ROW()-1) -> 63 | B64: NLS-FI | C64: NLS-FI-02 | D64: =IF($C64="","",IFERROR(VLOOKUP($C64,Map_Register!$A$2:$C$5,3,FALSE()),"")) -> Cultural Heritage Area | E64: Cultural | F64: 21158 | G64: archaeological | H64: Kolla Säterintie 1 | I64: Absent | J64: Yes | K64: Yes | L64: Unclear; possibly attributable to generalization through size | M64: No | P64: Finnish Heritage Agency
A65: =IF($B65="","",ROW()-1) -> 64 | B65: NLS-FI | C65: NLS-FI-02 | D65: =IF($C65="","",IFERROR(VLOOKUP($C65,Map_Register!$A$2:$C$5,3,FALSE()),"")) -> Cultural Heritage Area | E65: Cultural | F65: 21159 | G65: archaeological | H65: Kolla Säterintie 2 | I65: Absent | J65: Yes | K65: Yes | L65: Unclear; possibly attributable to generalization through size | M65: No | P65: Finnish Heritage Agency
A66: =IF($B66="","",ROW()-1) -> 65 | B66: NLS-FI | C66: NLS-FI-02 | D66: =IF($C66="","",IFERROR(VLOOKUP($C66,Map_Register!$A$2:$C$5,3,FALSE()),"")) -> Cultural Heritage Area | E66: Cultural | F66: 21160 | G66: archaeological | H66: Nihattula | I66: Absent | J66: Yes | K66: Yes | L66: No symbol found; no label | M66: No | P66: Finnish Heritage Agency
A67: =IF($B67="","",ROW()-1) -> 66 | B67: NLS-FI | C67: NLS-FI-02 | D67: =IF($C67="","",IFERROR(VLOOKUP($C67,Map_Register!$A$2:$C$5,3,FALSE()),"")) -> Cultural Heritage Area | E67: Cultural | F67: 21580 | G67: archaeological | H67: Neula | I67: Absent | J67: Yes | K67: Yes | L67: No symbol found; no label | M67: No | P67: Finnish Heritage Agency
A68: =IF($B68="","",ROW()-1) -> 67 | B68: NLS-FI | C68: NLS-FI-02 | D68: =IF($C68="","",IFERROR(VLOOKUP($C68,Map_Register!$A$2:$C$5,3,FALSE()),"")) -> Cultural Heritage Area | E68: Cultural | F68: 21581 | G68: archaeological | H68: Miekantie | I68: Absent | J68: Yes | K68: Yes | L68: No symbol found; no label | M68: No | P68: Finnish Heritage Agency
A69: =IF($B69="","",ROW()-1) -> 68 | B69: NLS-FI | C69: NLS-FI-02 | D69: =IF($C69="","",IFERROR(VLOOKUP($C69,Map_Register!$A$2:$C$5,3,FALSE()),"")) -> Cultural Heritage Area | E69: Cultural | F69: 21582 | G69: archaeological | H69: Takalantie | I69: Absent | J69: Yes | K69: Yes | L69: seems to be small | M69: No | P69: Finnish Heritage Agency
A70: =IF($B70="","",ROW()-1) -> 69 | B70: NLS-FI | C70: NLS-FI-02 | D70: =IF($C70="","",IFERROR(VLOOKUP($C70,Map_Register!$A$2:$C$5,3,FALSE()),"")) -> Cultural Heritage Area | E70: Cultural | F70: 23852 | G70: archaeological | H70: Perkkotie | I70: Absent | J70: Yes | K70: Yes | L70: No symbol/label ; enough space ; size might be coniderabel reason for omission | M70: No | P70: Finnish Heritage Agency
A71: =IF($B71="","",ROW()-1) -> 70 | B71: NLS-FI | C71: NLS-FI-02 | D71: =IF($C71="","",IFERROR(VLOOKUP($C71,Map_Register!$A$2:$C$5,3,FALSE()),"")) -> Cultural Heritage Area | E71: Cultural | F71: 23853 | G71: archaeological | H71: Hongistonmäki | I71: Absent | J71: Yes | K71: Yes | L71: No symbol found; no label | M71: No | P71: Finnish Heritage Agency
A72: =IF($B72="","",ROW()-1) -> 71 | B72: NLS-FI | C72: NLS-FI-02 | D72: =IF($C72="","",IFERROR(VLOOKUP($C72,Map_Register!$A$2:$C$5,3,FALSE()),"")) -> Cultural Heritage Area | E72: Cultural | F72: 23854 | G72: archaeological | H72: Sorri | I72: Absent | J72: Yes | K72: Yes | L72: close to other different features | M72: No | P72: Finnish Heritage Agency
A73: =IF($B73="","",ROW()-1) -> 72 | B73: NLS-FI | C73: NLS-FI-02 | D73: =IF($C73="","",IFERROR(VLOOKUP($C73,Map_Register!$A$2:$C$5,3,FALSE()),"")) -> Cultural Heritage Area | E73: Cultural | F73: 23855 | G73: archaeological | H73: Vuorenalho | I73: Absent | J73: Yes | K73: Yes | L73: No symbol found; no label | M73: No | P73: Finnish Heritage Agency
A74: =IF($B74="","",ROW()-1) -> 73 | B74: NLS-FI | C74: NLS-FI-02 | D74: =IF($C74="","",IFERROR(VLOOKUP($C74,Map_Register!$A$2:$C$5,3,FALSE()),"")) -> Cultural Heritage Area | E74: Cultural | F74: 23857 | G74: archaeological | H74: Siuttila | I74: Absent | J74: Yes | K74: Yes | L74: No symbol found; no label | M74: No | P74: Finnish Heritage Agency
... A76: =IF($B76="","",ROW()-1) -> 75 | B76: NLS-FI | C76: NLS-FI-02 | D76: =IF($C76="","",IFERROR(VLOOKUP($C76,Map_Register!$A$2:$C$5,3,FALSE()),"")) -> Cultural Heritage Area | E76: Cultural | F76: 23859 | G76: archaeological | H76: Sippola | I76: Absent | J76: Yes | K76: Yes | L76: close to other features, | M76: No | P76: Finnish Heritage Agency
A77: =IF($B77="","",ROW()-1) -> 76 | B77: NLS-FI | C77: NLS-FI-02 | D77: =IF($C77="","",IFERROR(VLOOKUP($C77,Map_Register!$A$2:$C$5,3,FALSE()),"")) -> Cultural Heritage Area | E77: Cultural | F77: 23909 | G77: archaeological | H77: Kairassuo | I77: Present | L77: label only | P77: Finnish Heritage Agency
A78: =IF($B78="","",ROW()-1) -> 77 | B78: NLS-FI | C78: NLS-FI-02 | D78: =IF($C78="","",IFERROR(VLOOKUP($C78,Map_Register!$A$2:$C$5,3,FALSE()),"")) -> Cultural Heritage Area | E78: Cultural | F78: 23918 | G78: archaeological | H78: Syväalho 3 | I78: Absent | J78: Yes | K78: Yes | L78: No symbol found; no label | M78: No | P78: Finnish Heritage Agency
A79: =IF($B79="","",ROW()-1) -> 78 | B79: NLS-FI | C79: NLS-FI-02 | D79: =IF($C79="","",IFERROR(VLOOKUP($C79,Map_Register!$A$2:$C$5,3,FALSE()),"")) -> Cultural Heritage Area | E79: Cultural | F79: 25827 | G79: archaeological | H79: Isoniittu | I79: Absent | J79: Yes | K79: Yes | L79: No symbol found; no label | M79: No | P79: Finnish Heritage Agency
A80: =IF($B80="","",ROW()-1) -> 79 | B80: NLS-FI | C80: NLS-FI-02 | D80: =IF($C80="","",IFERROR(VLOOKUP($C80,Map_Register!$A$2:$C$5,3,FALSE()),"")) -> Cultural Heritage Area | E80: Cultural | F80: 25832 | G80: archaeological | H80: Perkkotie 2 | I80: Absent | J80: Yes | K80: Yes | L80: No symbol found; no label | M80: No | P80: Finnish Heritage Agency
A81: =IF($B81="","",ROW()-1) -> 80 | B81: NLS-FI | C81: NLS-FI-02 | D81: =IF($C81="","",IFERROR(VLOOKUP($C81,Map_Register!$A$2:$C$5,3,FALSE()),"")) -> Cultural Heritage Area | E81: Cultural | F81: 25833 | G81: archaeological | H81: Suiklanmaa 3 | I81: Absent | J81: Yes | K81: Yes | L81: No symbol found; no label | M81: No | P81: Finnish Heritage Agency
A82: =IF($B82="","",ROW()-1) -> 81 | B82: NLS-FI | C82: NLS-FI-02 | D82: =IF($C82="","",IFERROR(VLOOKUP($C82,Map_Register!$A$2:$C$5,3,FALSE()),"")) -> Cultural Heritage Area | E82: Cultural | F82: 28266 | G82: archaeological | H82: Laivurinpolku | I82: Absent | J82: Yes | K82: Yes | L82: in feature heavy area | M82: No | P82: Finnish Heritage Agency
A83: =IF($B83="","",ROW()-1) -> 82 | B83: NLS-FI | C83: NLS-FI-02 | D83: =IF($C83="","",IFERROR(VLOOKUP($C83,Map_Register!$A$2:$C$5,3,FALSE()),"")) -> Cultural Heritage Area | E83: Cultural | F83: 28268 | G83: archaeological | H83: Siiwo | I83: Absent | J83: Yes | K83: Yes | L83: close to other features | M83: No | P83: Finnish Heritage Agency
A84: =IF($B84="","",ROW()-1) -> 83 | B84: NLS-FI | C84: NLS-FI-02 | D84: =IF($C84="","",IFERROR(VLOOKUP($C84,Map_Register!$A$2:$C$5,3,FALSE()),"")) -> Cultural Heritage Area | E84: Cultural | F84: 28310 | G84: archaeological | H84: Urpo | I84: Absent | J84: Yes | K84: Yes | L84: No symbol found; no label | M84: No | P84: Finnish Heritage Agency
A85: =IF($B85="","",ROW()-1) -> 84 | B85: NLS-FI | C85: NLS-FI-02 | D85: =IF($C85="","",IFERROR(VLOOKUP($C85,Map_Register!$A$2:$C$5,3,FALSE()),"")) -> Cultural Heritage Area | E85: Cultural | F85: 32136 | G85: archaeological | H85: Ristesampas | I85: Absent | J85: Yes | K85: Yes | L85: No symbol found; no label | M85: No | P85: Finnish Heritage Agency
A86: =IF($B86="","",ROW()-1) -> 85 | B86: NLS-FI | C86: NLS-FI-02 | D86: =IF($C86="","",IFERROR(VLOOKUP($C86,Map_Register!$A$2:$C$5,3,FALSE()),"")) -> Cultural Heritage Area | E86: Cultural | F86: 33850 | G86: archaeological | H86: Santala | I86: Present | L86: ancient relic | P86: Finnish Heritage Agency
A87: =IF($B87="","",ROW()-1) -> 86 | B87: NLS-FI | C87: NLS-FI-02 | D87: =IF($C87="","",IFERROR(VLOOKUP($C87,Map_Register!$A$2:$C$5,3,FALSE()),"")) -> Cultural Heritage Area | E87: Cultural | F87: 33851 | G87: archaeological | H87: Pullankallio (Pullanvuori) | I87: Present | L87: ancient relic | P87: Finnish Heritage Agency
A88: =IF($B88="","",ROW()-1) -> 87 | B88: NLS-FI | C88: NLS-FI-02 | D88: =IF($C88="","",IFERROR(VLOOKUP($C88,Map_Register!$A$2:$C$5,3,FALSE()),"")) -> Cultural Heritage Area | E88: Cultural | F88: 33852 | G88: archaeological | H88: Hiittenvareen kallio | I88: outside sheet extent | L88: outside sheet extent | P88: Finnish Heritage Agency
A89: =IF($B89="","",ROW()-1) -> 88 | B89: NLS-FI | C89: NLS-FI-02 | D89: =IF($C89="","",IFERROR(VLOOKUP($C89,Map_Register!$A$2:$C$5,3,FALSE()),"")) -> Cultural Heritage Area | E89: Cultural | F89: 33855 | G89: archaeological | H89: Liinmaan linna | I89: Present | L89: outside sheet extent | P89: Finnish Heritage Agency
A90: =IF($B90="","",ROW()-1) -> 89 | B90: NLS-FI | C90: NLS-FI-02 | D90: =IF($C90="","",IFERROR(VLOOKUP($C90,Map_Register!$A$2:$C$5,3,FALSE()),"")) -> Cultural Heritage Area | E90: Cultural | F90: 36581 | G90: archaeological | H90: Kartunkari I | I90: Absent | J90: Yes | K90: Yes | L90: outside sheet extent | M90: No | P90: Finnish Heritage Agency
A91: =IF($B91="","",ROW()-1) -> 90 | B91: NLS-FI | C91: NLS-FI-02 | D91: =IF($C91="","",IFERROR(VLOOKUP($C91,Map_Register!$A$2:$C$5,3,FALSE()),"")) -> Cultural Heritage Area | E91: Cultural | F91: 36582 | G91: archaeological | H91: Kartunkari II | I91: Present | L91: outside sheet extent | P91: Finnish Heritage Agency
A92: =IF($B92="","",ROW()-1) -> 91 | B92: NLS-FI | C92: NLS-FI-02 | D92: =IF($C92="","",IFERROR(VLOOKUP($C92,Map_Register!$A$2:$C$5,3,FALSE()),"")) -> Cultural Heritage Area | E92: Cultural | F92: 36592 | G92: archaeological | H92: Kertunmäki | I92: Absent | J92: Yes | K92: Yes | L92: outside sheet extent | M92: No | P92: Finnish Heritage Agency
A93: =IF($B93="","",ROW()-1) -> 92 | B93: NLS-FI | C93: NLS-FI-02 | D93: =IF($C93="","",IFERROR(VLOOKUP($C93,Map_Register!$A$2:$C$5,3,FALSE()),"")) -> Cultural Heritage Area | E93: Cultural | F93: 36595 | G93: archaeological | H93: Ruuhenmaan Vare | I93: Present | L93: ancient relic | P93: Finnish Heritage Agency
A94: =IF($B94="","",ROW()-1) -> 93 | B94: NLS-FI | C94: NLS-FI-02 | D94: =IF($C94="","",IFERROR(VLOOKUP($C94,Map_Register!$A$2:$C$5,3,FALSE()),"")) -> Cultural Heritage Area | E94: Cultural | F94: 36596 | G94: archaeological | H94: Matinhaka | I94: Present | L94: ancient relic symbol | P94: Finnish Heritage Agency
A95: =IF($B95="","",ROW()-1) -> 94 | B95: NLS-FI | C95: NLS-FI-02 | D95: =IF($C95="","",IFERROR(VLOOKUP($C95,Map_Register!$A$2:$C$5,3,FALSE()),"")) -> Cultural Heritage Area | E95: Cultural | F95: 36597 | G95: archaeological | H95: Vilkkilä 1 | I95: Present | L95: ancient relic | P95: Finnish Heritage Agency
A96: =IF($B96="","",ROW()-1) -> 95 | B96: NLS-FI | C96: NLS-FI-02 | D96: =IF($C96="","",IFERROR(VLOOKUP($C96,Map_Register!$A$2:$C$5,3,FALSE()),"")) -> Cultural Heritage Area | E96: Cultural | F96: 36598 | G96: archaeological | H96: Isovuori | I96: Present | L96: ancient relic | P96: Finnish Heritage Agency
A97: =IF($B97="","",ROW()-1) -> 96 | B97: NLS-FI | C97: NLS-FI-02 | D97: =IF($C97="","",IFERROR(VLOOKUP($C97,Map_Register!$A$2:$C$5,3,FALSE()),"")) -> Cultural Heritage Area | E97: Cultural | F97: 36600 | G97: archaeological | H97: Tuitinvuori | I97: Present | L97: ancient relic | P97: Finnish Heritage Agency
A98: =IF($B98="","",ROW()-1) -> 97 | B98: NLS-FI | C98: NLS-FI-02 | D98: =IF($C98="","",IFERROR(VLOOKUP($C98,Map_Register!$A$2:$C$5,3,FALSE()),"")) -> Cultural Heritage Area | E98: Cultural | F98: 36602 | G98: archaeological | H98: Uusi-Kartano | I98: Present | L98: ancient relic | P98: Finnish Heritage Agency
A99: =IF($B99="","",ROW()-1) -> 98 | B99: NLS-FI | C99: NLS-FI-02 | D99: =IF($C99="","",IFERROR(VLOOKUP($C99,Map_Register!$A$2:$C$5,3,FALSE()),"")) -> Cultural Heritage Area | E99: Cultural | F99: 36629 | G99: archaeological | H99: Uola | I99: Present | L99: ancient relic | P99: Finnish Heritage Agency
A100: =IF($B100="","",ROW()-1) -> 99 | B100: NLS-FI | C100: NLS-FI-02 | D100: =IF($C100="","",IFERROR(VLOOKUP($C100,Map_Register!$A$2:$C$5,3,FALSE()),"")) -> Cultural Heritage Area | E100: Cultural | F100: 36633 | G100: archaeological | H100: Kappelinluhta | I100: Absent | J100: Yes | K100: Yes | L100: feature dense area | M100: No | P100: Finnish Heritage Agency
A101: =IF($B101="","",ROW()-1) -> 100 | B101: NLS-FI | C101: NLS-FI-02 | D101: =IF($C101="","",IFERROR(VLOOKUP($C101,Map_Register!$A$2:$C$5,3,FALSE()),"")) -> Cultural Heritage Area | E101: Cultural | F101: 36634 | G101: archaeological | H101: Koivusalo | I101: Present | L101: ancient relic | P101: Finnish Heritage Agency
...

Sheet Finland_Military
A1: Record_ID | B1: NMA | C1: Map_ID | D1: Sheet_Type | E1: Category | F1: Feature_Type | G1: Name(If Available) | H1: Code | I1: RenderingStage_Flag | J1: Generalization_Flag | K1: Justification | L1: Specification_Flag | M1: Feature_Count | N1: Bertin_Variable | O1: Reference_Source
A2: =IF($B2="","",ROW()-1) -> 1 | B2: NLS-FI | C2: NLS-FI-03 | D2: =IF($C2="","",IFERROR(VLOOKUP($C2,Map_Register!$A$2:$C$5,3,FALSE()),"")) -> Military Zone | E2: Military | F2: Restricted area polygon | G2: Upinniemi Naval base | H2: Absent | I2: NA | J2: No | K2: No indication of restricted area or military use | L2: Yes | O2: Finnish Defense Forces(https://puolustusvoimat.fi/documents/1951215/2015884/upinniemi.gif/3ae5fbbd-8db5-4c99-b9c7-79e0d0cb942f?t=1484114045000)
D3: =IF($C3="","",IFERROR(VLOOKUP($C3,Map_Register!$A$2:$C$5,3,FALSE()),""))
D4: =IF($C4="","",IFERROR(VLOOKUP($C4,Map_Register!$A$2:$C$5,3,FALSE()),""))
D5: =IF($C5="","",IFERROR(VLOOKUP($C5,Map_Register!$A$2:$C$5,3,FALSE()),""))
D6: =IF($C6="","",IFERROR(VLOOKUP($C6,Map_Register!$A$2:$C$5,3,FALSE()),""))
D7: =IF($C7="","",IFERROR(VLOOKUP($C7,Map_Register!$A$2:$C$5,3,FALSE()),""))
D8: =IF($C8="","",IFERROR(VLOOKUP($C8,Map_Register!$A$2:$C$5,3,FALSE()),""))
D9: =IF($C9="","",IFERROR(VLOOKUP($C9,Map_Register!$A$2:$C$5,3,FALSE()),""))
D10: =IF($C10="","",IFERROR(VLOOKUP($C10,Map_Register!$A$2:$C$5,3,FALSE()),""))
D11: =IF($C11="","",IFERROR(VLOOKUP($C11,Map_Register!$A$2:$C$5,3,FALSE()),""))
D12: =IF($C12="","",IFERROR(VLOOKUP($C12,Map_Register!$A$2:$C$5,3,FALSE()),""))
D13: =IF($C13="","",IFERROR(VLOOKUP($C13,Map_Register!$A$2:$C$5,3,FALSE()),""))
D14: =IF($C14="","",IFERROR(VLOOKUP($C14,Map_Register!$A$2:$C$5,3,FALSE()),""))
... D23: =IF($C23="","",IFERROR(VLOOKUP($C23,Map_Register!$A$2:$C$5,3,FALSE()),""))
A205: =IF($B205="","",ROW()-1) | D205: =IF($C205="","",IFERROR(VLOOKUP($C205,Map_Register!$A$2:$C$5,3,FALSE()),""))
A206: =IF($B206="","",ROW()-1) | D206: =IF($C206="","",IFERROR(VLOOKUP($C206,Map_Register!$A$2:$C$5,3,FALSE()),""))
A207: =IF($B207="","",ROW()-1) | D207: =IF($C207="","",IFERROR(VLOOKUP($C207,Map_Register!$A$2:$C$5,3,FALSE()),""))
A208: =IF($B208="","",ROW()-1) | D208: =IF($C208="","",IFERROR(VLOOKUP($C208,Map_Register!$A$2:$C$5,3,FALSE()),""))
A209: =IF($B209="","",ROW()-1) | D209: =IF($C209="","",IFERROR(VLOOKUP($C209,Map_Register!$A$2:$C$5,3,FALSE()),""))
A210: =IF($B210="","",ROW()-1) | D210: =IF($C210="","",IFERROR(VLOOKUP($C210,Map_Register!$A$2:$C$5,3,FALSE()),""))
A211: =IF($B211="","",ROW()-1) | D211: =IF($C211="","",IFERROR(VLOOKUP($C211,Map_Register!$A$2:$C$5,3,FALSE()),""))
A212: =IF($B212="","",ROW()-1) | D212: =IF($C212="","",IFERROR(VLOOKUP($C212,Map_Register!$A$2:$C$5,3,FALSE()),""))
A213: =IF($B213="","",ROW()-1) | D213: =IF($C213="","",IFERROR(VLOOKUP($C213,Map_Register!$A$2:$C$5,3,FALSE()),""))
A214: =IF($B214="","",ROW()-1) | D214: =IF($C214="","",IFERROR(VLOOKUP($C214,Map_Register!$A$2:$C$5,3,FALSE()),""))
A215: =IF($B215="","",ROW()-1) | D215: =IF($C215="","",IFERROR(VLOOKUP($C215,Map_Register!$A$2:$C$5,3,FALSE()),""))
A216: =IF($B216="","",ROW()-1) | D216: =IF($C216="","",IFERROR(VLOOKUP($C216,Map_Register!$A$2:$C$5,3,FALSE()),""))
... A501: =IF($B501="","",ROW()-1) | D501: =IF($C501="","",IFERROR(VLOOKUP($C501,Map_Register!$A$2:$C$5,3,FALSE()),""))

Sheet Finland_Toponym
A1: Record_ID | B1: NMA | C1: Map_ID | D1: Sheet_Type | E1: Category | F1: FID | G1: Feature_Type | H1: Name(If Available) | I1: Alternative Names | J1: Languages | K1: Code | L1: RenderingStage_Flag | M1: Generalization_Flag | N1: Justification | O1: Specification_Flag | P1: Feature_Count | Q1: Bertin_Variable | R1: Reference_Source
A2: =IF($B2="","",ROW()-1) -> 1 | B2: NLS-FI | C2: NLS-FI-04 | D2: =IF($C2="","",IFERROR(VLOOKUP($C2,Map_Register!$A$2:$C$5,3,FALSE()),"")) -> Toponym Labels | E2: Toponym | F2: 700931 | G2: Lake or pond | H2: Liskujärvi | I2: Liskujärvi; Čuuskâšjävri | J2: fin;smn | K2: Present | N2: label for Lake/pond ; Finnish label on top | R2: MapSite NLS-FI
A3: =IF($B3="","",ROW()-1) -> 2 | B3: NLS-FI | C3: NLS-FI-04 | D3: =IF($C3="","",IFERROR(VLOOKUP($C3,Map_Register!$A$2:$C$5,3,FALSE()),"")) -> Toponym Labels | E3: Toponym | F3: 700932 | G3: Lake or pond | H3: Tammukkalampi | I3: Tammukkalampi; Veejeehjáávráš | J3: fin;smn | K3: Absent | L3: Yes | M3: Yes | N3: no label found; size | O3: No | R3: MapSite NLS-FI
A4: =IF($B4="","",ROW()-1) -> 3 | B4: NLS-FI | C4: NLS-FI-04 | D4: =IF($C4="","",IFERROR(VLOOKUP($C4,Map_Register!$A$2:$C$5,3,FALSE()),"")) -> Toponym Labels | E4: Toponym | F4: 700934 | G4: Lake or pond | H4: Puállámčielgijävri | I4: Puállámčielgijävri; Paloselkäjärvi | J4: smn;fin | K4: Present | N4: Finnish label on top | R4: MapSite NLS-FI
A5: =IF($B5="","",ROW()-1) -> 4 | B5: NLS-FI | C5: NLS-FI-04 | D5: =IF($C5="","",IFERROR(VLOOKUP($C5,Map_Register!$A$2:$C$5,3,FALSE()),"")) -> Toponym Labels | E5: Toponym | F5: 700951 | G5: Lake or pond | H5: Äägisvärjáávráš | I5: Äägisvärjáávráš; Hangasjärvi | J5: smn;fin | K5: Present | N5: Finnish label on top | R5: MapSite NLS-FI
A6: =IF($B6="","",ROW()-1) -> 5 | B6: NLS-FI | C6: NLS-FI-04 | D6: =IF($C6="","",IFERROR(VLOOKUP($C6,Map_Register!$A$2:$C$5,3,FALSE()),"")) -> Toponym Labels | E6: Toponym | F6: 700952 | G6: Elevation | H6: Peuranuittamaselkä | I6: Peuranuittamaselkä | J6: fin | K6: Present | N6: Label for elevation; terrain feature | R6: MapSite NLS-FI
A7: =IF($B7="","",ROW()-1) -> 6 | B7: NLS-FI | C7: NLS-FI-04 | D7: =IF($C7="","",IFERROR(VLOOKUP($C7,Map_Register!$A$2:$C$5,3,FALSE()),"")) -> Toponym Labels | E7: Toponym | F7: 700953 | G7: Elevation | H7: Pennuuvääri | I7: Pennuuvääri; Pennuuläppimvääri; Koiravaara | J7: smn;smn;fin | K7: Present | N7: Finnish in top , followed by Smn | R7: MapSite NLS-FI
A8: =IF($B8="","",ROW()-1) -> 7 | B8: NLS-FI | C8: NLS-FI-04 | D8: =IF($C8="","",IFERROR(VLOOKUP($C8,Map_Register!$A$2:$C$5,3,FALSE()),"")) -> Toponym Labels | E8: Toponym | F8: 700954 | G8: Elevation | H8: Miällááváárááš | I8: Miällááváárááš | J8: smn | K8: Present | N8: Label for elevation; terrain feature | R8: MapSite NLS-FI
A9: =IF($B9="","",ROW()-1) -> 8 | B9: NLS-FI | C9: NLS-FI-04 | D9: =IF($C9="","",IFERROR(VLOOKUP($C9,Map_Register!$A$2:$C$5,3,FALSE()),"")) -> Toponym Labels | E9: Toponym | F9: 700955 | G9: Watercourse | H9: Harrioja | I9: Harrioja; Suávviljuuvâš | J9: fin;smn | K9: Absent | L9: Yes | M9: Yes | N9: No label found in area ; size | O9: No | R9: MapSite NLS-FI
A10: =IF($B10="","",ROW()-1) -> 9 | B10: NLS-FI | C10: NLS-FI-04 | D10: =IF($C10="","",IFERROR(VLOOKUP($C10,Map_Register!$A$2:$C$5,3,FALSE()),"")) -> Toponym Labels | E10: Toponym | F10: 700956 | G10: Elevation | H10: Čapisvääri | I10: Čapisvääri; Mustavaara | J10: smn;fin | K10: Present | N10: Finnish label on top | R10: MapSite NLS-FI
A11: =IF($B11="","",ROW()-1) -> 10 | B11: NLS-FI | C11: NLS-FI-04 | D11: =IF($C11="","",IFERROR(VLOOKUP($C11,Map_Register!$A$2:$C$5,3,FALSE()),"")) -> Toponym Labels | E11: Toponym | F11: 700957 | G11: Cape | H11: Kirvesniemi | I11: Kirvesniemi; Ákšunjaargâš | J11: fin;smn | K11: Present | N11: Finnish label on top | R11: MapSite NLS-FI
A12: =IF($B12="","",ROW()-1) -> 11 | B12: NLS-FI | C12: NLS-FI-04 | D12: =IF($C12="","",IFERROR(VLOOKUP($C12,Map_Register!$A$2:$C$5,3,FALSE()),"")) -> Toponym Labels | E12: Toponym | F12: 700958 | G12: Lake or pond | H12: Lompolanjärvi | I12: Lompolanjärvi; Luobbâljävri | J12: fin;smn | K12: Present | N12: Finnish label on top | R12: MapSite NLS-FI
A13: =IF($B13="","",ROW()-1) -> 12 | B13: NLS-FI | C13: NLS-FI-04 | D13: =IF($C13="","",IFERROR(VLOOKUP($C13,Map_Register!$A$2:$C$5,3,FALSE()),"")) -> Toponym Labels | E13: Toponym | F13: 700959 | G13: Lake or pond | H13: Suávviljáávráš | I13: Suávviljáávráš; Harrijärvi | J13: smn;fin | K13: Absent | L13: Yes | M13: Yes | N13: size | O13: No | R13: MapSite NLS-FI
A14: =IF($B14="","",ROW()-1) -> 13 | B14: NLS-FI | C14: NLS-FI-04 | D14: =IF($C14="","",IFERROR(VLOOKUP($C14,Map_Register!$A$2:$C$5,3,FALSE()),"")) -> Toponym Labels | E14: Toponym | F14: 700960 | G14: Elevation | H14: Puállámčielgi | I14: Puállámčielgi; Paloselkä | J14: smn;fin | K14: Present | N14: Finnish label on top | R14: MapSite NLS-FI
A15: =IF($B15="","",ROW()-1) -> 14 | B15: NLS-FI | C15: NLS-FI-04 | D15: =IF($C15="","",IFERROR(VLOOKUP($C15,Map_Register!$A$2:$C$5,3,FALSE()),"")) -> Toponym Labels | E15: Toponym | F15: 700961 | G15: Cape | H15: Ulkuniemi | I15: Ulkuniemi; Ulgânjargâ | J15: fin;smn | K15: Present | N15: Finnish label on top | R15: MapSite NLS-FI
A16: =IF($B16="","",ROW()-1) -> 15 | B16: NLS-FI | C16: NLS-FI-04 | D16: =IF($C16="","",IFERROR(VLOOKUP($C16,Map_Register!$A$2:$C$5,3,FALSE()),"")) -> Toponym Labels | E16: Toponym | F16: 700962 | G16: Island or islet | H16: Sarmisaari | I16: Sarmisaari; Čaarmâčuážžumsuálui | J16: fin;smn | K16: Present | N16: Finnish label on top | R16: MapSite NLS-FI
A17: =IF($B17="","",ROW()-1) -> 16 | B17: NLS-FI | C17: NLS-FI-04 | D17: =IF($C17="","",IFERROR(VLOOKUP($C17,Map_Register!$A$2:$C$5,3,FALSE()),"")) -> Toponym Labels | E17: Toponym | F17: 700963 | G17: Lake or pond | H17: Uccluobbâlâš | I17: Uccluobbâlâš; Pikkulompola | J17: smn;fin | K17: Present | N17: Finnish label on top | R17: MapSite NLS-FI
A18: =IF($B18="","",ROW()-1) -> 17 | B18: NLS-FI | C18: NLS-FI-04 | D18: =IF($C18="","",IFERROR(VLOOKUP($C18,Map_Register!$A$2:$C$5,3,FALSE()),"")) -> Toponym Labels | E18: Toponym | F18: 700964 | G18: Lake or pond | H18: Misseevááráájáávráš | I18: Misseevááráájáávráš; Missevaaranjärvi | J18: smn;fin | K18: Absent | L18: Yes | M18: Yes | N18: size | O18: No | R18: MapSite NLS-FI
A19: =IF($B19="","",ROW()-1) -> 18 | B19: NLS-FI | C19: NLS-FI-04 | D19: =IF($C19="","",IFERROR(VLOOKUP($C19,Map_Register!$A$2:$C$5,3,FALSE()),"")) -> Toponym Labels | E19: Toponym | F19: 700965 | G19: Elevation | H19: Missevaara | I19: Missevaara; Misseeváárááš | J19: fin;smn | K19: Present | N19: Finnish label on top | R19: MapSite NLS-FI
A20: =IF($B20="","",ROW()-1) -> 19 | B20: NLS-FI | C20: NLS-FI-04 | D20: =IF($C20="","",IFERROR(VLOOKUP($C20,Map_Register!$A$2:$C$5,3,FALSE()),"")) -> Toponym Labels | E20: Toponym | F20: 700966 | G20: Group of lakes or ponds | H20: Mukkajärvet | I20: Mukkajärvet; Mokkejávrááh | J20: fin;smn | K20: Present | N20: Finnish label on top | R20: MapSite NLS-FI
A21: =IF($B21="","",ROW()-1) -> 20 | B21: NLS-FI | C21: NLS-FI-04 | D21: =IF($C21="","",IFERROR(VLOOKUP($C21,Map_Register!$A$2:$C$5,3,FALSE()),"")) -> Toponym Labels | E21: Toponym | F21: 700967 | G21: Lake or pond | H21: Silmäpuoliahvenjärvi | I21: Silmäpuoliahvenjärvi; Čalmepelvuáskujávrááh | J21: fin;smn | K21: Absent | L21: Yes | M21: Yes | N21: size | O21: No | R21: MapSite NLS-FI
A22: =IF($B22="","",ROW()-1) -> 21 | B22: NLS-FI | C22: NLS-FI-04 | D22: =IF($C22="","",IFERROR(VLOOKUP($C22,Map_Register!$A$2:$C$5,3,FALSE()),"")) -> Toponym Labels | E22: Toponym | F22: 700968 | G22: Group of lakes or ponds | H22: Patojärvet | I22: Patojärvet | J22: fin | K22: Present | N22: label for group of ponds | R22: MapSite NLS-FI
A23: =IF($B23="","",ROW()-1) -> 22 | B23: NLS-FI | C23: NLS-FI-04 | D23: =IF($C23="","",IFERROR(VLOOKUP($C23,Map_Register!$A$2:$C$5,3,FALSE()),"")) -> Toponym Labels | E23: Toponym | F23: 700969 | G23: Island or islet | H23: Äittilássá | I23: Äittilássá; Aittalaassa | J23: smn;fin | K23: Absent | L23: Yes | M23: Yes | N23: size | O23: No | R23: MapSite NLS-FI
A24: =IF($B24="","",ROW()-1) -> 23 | B24: NLS-FI | C24: NLS-FI-04 | D24: =IF($C24="","",IFERROR(VLOOKUP($C24,Map_Register!$A$2:$C$5,3,FALSE()),"")) -> Toponym Labels | E24: Toponym | F24: 700970 | G24: Cape | H24: Áánnášnjargâ | I24: Áánnášnjargâ | J24: smn | K24: Present | N24: Label for cape | R24: MapSite NLS-FI
A25: =IF($B25="","",ROW()-1) -> 24 | B25: NLS-FI | C25: NLS-FI-04 | D25: =IF($C25="","",IFERROR(VLOOKUP($C25,Map_Register!$A$2:$C$5,3,FALSE()),"")) -> Toponym Labels | E25: Toponym | F25: 700971 | G25: Cape | H25: Mustaniemi | I25: Mustaniemi; Čapisnjargâ | J25: fin;smn | K25: Absent | L25: Yes | M25: No | N25: no label found; enough space for label | O25: No | R25: MapSite NLS-FI
A26: =IF($B26="","",ROW()-1) -> 25 | B26: NLS-FI | C26: NLS-FI-04 | D26: =IF($C26="","",IFERROR(VLOOKUP($C26,Map_Register!$A$2:$C$5,3,FALSE()),"")) -> Toponym Labels | E26: Toponym | F26: 700972 | G26: Lake or pond | H26: Luolajärvi | I26: Luolajärvi; Juovâluovtjáávráš | J26: fin;smn | K26: Present | N26: Finnish label on top | R26: MapSite NLS-FI
A27: =IF($B27="","",ROW()-1) -> 26 | B27: NLS-FI | C27: NLS-FI-04 | D27: =IF($C27="","",IFERROR(VLOOKUP($C27,Map_Register!$A$2:$C$5,3,FALSE()),"")) -> Toponym Labels | E27: Toponym | F27: 700973 | G27: Lake or pond | H27: Pirkittajärvi | I27: Pirkittajärvi; Pirgitjáávráš | J27: fin;smn | K27: Absent | L27: Yes | M27: Yes | N27: size | O27: No | R27: MapSite NLS-FI
A28: =IF($B28="","",ROW()-1) -> 27 | B28: NLS-FI | C28: NLS-FI-04 | D28: =IF($C28="","",IFERROR(VLOOKUP($C28,Map_Register!$A$2:$C$5,3,FALSE()),"")) -> Toponym Labels | E28: Toponym | F28: 700974 | G28: Group of islands or islets | H28: Njurgomsuálui | I28: Njurgomsuálui; Vihellyssaaret | J28: smn;fin | K28: Absent | L28: Yes | M28: Yes | N28: no label found ; maybe attributable to size of island | O28: No | R28: MapSite NLS-FI
A29: =IF($B29="","",ROW()-1) -> 28 | B29: NLS-FI | C29: NLS-FI-04 | D29: =IF($C29="","",IFERROR(VLOOKUP($C29,Map_Register!$A$2:$C$5,3,FALSE()),"")) -> Toponym Labels | E29: Toponym | F29: 700975 | G29: Cape | H29: Kuávžurnjuškimnjargâ | I29: Kuávžurnjuškimnjargâ; Taimenhyppäämäniemi | J29: smn;fin | K29: Absent | L29: Yes | M29: No | N29: no label found; enough space for label | O29: No | R29: MapSite NLS-FI
A30: =IF($B30="","",ROW()-1) -> 29 | B30: NLS-FI | C30: NLS-FI-04 | D30: =IF($C30="","",IFERROR(VLOOKUP($C30,Map_Register!$A$2:$C$5,3,FALSE()),"")) -> Toponym Labels | E30: Toponym | F30: 700976 | G30: Watercourse | H30: Kähteejuuvâš | I30: Kähteejuuvâš | J30: smn | K30: Absent | L30: Yes | M30: Yes | N30: No label found in area ; size | O30: No | R30: MapSite NLS-FI
A31: =IF($B31="","",ROW()-1) -> 30 | B31: NLS-FI | C31: NLS-FI-04 | D31: =IF($C31="","",IFERROR(VLOOKUP($C31,Map_Register!$A$2:$C$5,3,FALSE()),"")) -> Toponym Labels | E31: Toponym | F31: 700977 | G31: Lake or pond | H31: Keđgivihálâh | I31: Keđgivihálâh; Kivitarpoma | J31: smn;fin | K31: Absent | L31: Yes | M31: Yes | N31: size | O31: No | R31: MapSite NLS-FI
A32: =IF($B32="","",ROW()-1) -> 31 | B32: NLS-FI | C32: NLS-FI-04 | D32: =IF($C32="","",IFERROR(VLOOKUP($C32,Map_Register!$A$2:$C$5,3,FALSE()),"")) -> Toponym Labels | E32: Toponym | F32: 700978 | G32: Cape | H32: Rissenjargâ | I32: Rissenjargâ; Vittaniemi | J32: smn;fin | K32: Present | N32: Finnish label on top | R32: MapSite NLS-FI
A33: =IF($B33="","",ROW()-1) -> 32 | B33: NLS-FI | C33: NLS-FI-04 | D33: =IF($C33="","",IFERROR(VLOOKUP($C33,Map_Register!$A$2:$C$5,3,FALSE()),"")) -> Toponym Labels | E33: Toponym | F33: 700979 | G33: Lake or pond | H33: Syeinikuovđâjáávráš | I33: Syeinikuovđâjáávráš; Heinäaronjärvi | J33: smn;fin | K33: Present | N33: Finnish label on top | R33: MapSite NLS-FI
A34: =IF($B34="","",ROW()-1) -> 33 | B34: NLS-FI | C34: NLS-FI-04 | D34: =IF($C34="","",IFERROR(VLOOKUP($C34,Map_Register!$A$2:$C$5,3,FALSE()),"")) -> Toponym Labels | E34: Toponym | F34: 700980 | G34: Elevation | H34: Kolmumkuátieennâm | I34: Kolmumkuátieennâm | J34: smn | K34: Present | N34: Label for elevation; terrain feature | R34: MapSite NLS-FI
A35: =IF($B35="","",ROW()-1) -> 34 | B35: NLS-FI | C35: NLS-FI-04 | D35: =IF($C35="","",IFERROR(VLOOKUP($C35,Map_Register!$A$2:$C$5,3,FALSE()),"")) -> Toponym Labels | E35: Toponym | F35: 700981 | G35: Watercourse | H35: Lompolanjärvenoja | I35: Lompolanjärvenoja | J35: fin | K35: Absent | L35: Yes | M35: Yes | N35: No label found in area ; small feature ;waterway symbolized | O35: No | R35: MapSite NLS-FI
A36: =IF($B36="","",ROW()-1) -> 35 | B36: NLS-FI | C36: NLS-FI-04 | D36: =IF($C36="","",IFERROR(VLOOKUP($C36,Map_Register!$A$2:$C$5,3,FALSE()),"")) -> Toponym Labels | E36: Toponym | F36: 700991 | G36: Part of lake | H36: Uusivuono | I36: Uusivuono; Uđđâvuonâ | J36: fin;smn | K36: Present | N36: Finnish label on top | R36: MapSite NLS-FI
A37: =IF($B37="","",ROW()-1) -> 36 | B37: NLS-FI | C37: NLS-FI-04 | D37: =IF($C37="","",IFERROR(VLOOKUP($C37,Map_Register!$A$2:$C$5,3,FALSE()),"")) -> Toponym Labels | E37: Toponym | F37: 700992 | G37: Part of lake | H37: Kevätkalalahti | I37: Kevätkalalahti; Kiđđâkyelluohtâ | J37: fin;smn | K37: Absent | L37: Yes | M37: Yes | N37: possible size generalization; labels nearby conflict | O37: No | R37: MapSite NLS-FI
A38: =IF($B38="","",ROW()-1) -> 37 | B38: NLS-FI | C38: NLS-FI-04 | D38: =IF($C38="","",IFERROR(VLOOKUP($C38,Map_Register!$A$2:$C$5,3,FALSE()),"")) -> Toponym Labels | E38: Toponym | F38: 700993 | G38: Part of lake | H38: Čapisluohtâ | I38: Čapisluohtâ; Mustalahti | J38: smn;fin | K38: Present | N38: Finnish label on top | R38: MapSite NLS-FI
A39: =IF($B39="","",ROW()-1) -> 38 | B39: NLS-FI | C39: NLS-FI-04 | D39: =IF($C39="","",IFERROR(VLOOKUP($C39,Map_Register!$A$2:$C$5,3,FALSE()),"")) -> Toponym Labels | E39: Toponym | F39: 700994 | G39: Rapids | H39: Läbispuálláš | I39: Läbispuálláš; Karitsaniva | J39: smn;fin | K39: Absent | L39: Yes | M39: Yes | N39: size of feature | O39: No | R39: MapSite NLS-FI
A40: =IF($B40="","",ROW()-1) -> 39 | B40: NLS-FI | C40: NLS-FI-04 | D40: =IF($C40="","",IFERROR(VLOOKUP($C40,Map_Register!$A$2:$C$5,3,FALSE()),"")) -> Toponym Labels | E40: Toponym | F40: 700995 | G40: Part of lake | H40: Annanlahti | I40: Annanlahti; Áánnášluohtâ | J40: fin;smn | K40: Absent | L40: Yes | M40: Yes | N40: possible size generalization; labels nearby conflict | O40: No | R40: MapSite NLS-FI
A41: =IF($B41="","",ROW()-1) -> 40 | B41: NLS-FI | C41: NLS-FI-04 | D41: =IF($C41="","",IFERROR(VLOOKUP($C41,Map_Register!$A$2:$C$5,3,FALSE()),"")) -> Toponym Labels | E41: Toponym | F41: 700996 | G41: Part of lake | H41: Peskalahti | I41: Peskalahti; Peskiluohtâ | J41: fin;smn | K41: Absent | L41: Yes | M41: Yes | N41: possible size generalization; labels nearby conflict | O41: No | R41: MapSite NLS-FI
A42: =IF($B42="","",ROW()-1) -> 41 | B42: NLS-FI | C42: NLS-FI-04 | D42: =IF($C42="","",IFERROR(VLOOKUP($C42,Map_Register!$A$2:$C$5,3,FALSE()),"")) -> Toponym Labels | E42: Toponym | F42: 700997 | G42: Part of lake | H42: Ulkulahti | I42: Ulkulahti; Ulgâluohtâ | J42: fin;smn | K42: Absent | L42: Yes | M42: Yes | N42: possible size generalization; labels nearby conflict | O42: No | R42: MapSite NLS-FI
A43: =IF($B43="","",ROW()-1) -> 42 | B43: NLS-FI | C43: NLS-FI-04 | D43: =IF($C43="","",IFERROR(VLOOKUP($C43,Map_Register!$A$2:$C$5,3,FALSE()),"")) -> Toponym Labels | E43: Toponym | F43: 700998 | G43: Part of lake | H43: Toorâhluohtâ | I43: Toorâhluohtâ; Torahlahti | J43: smn;fin | K43: Absent | L43: Yes | M43: Yes | N43: possible size generalization; labels nearby conflict | O43: No | R43: MapSite NLS-FI
A44: =IF($B44="","",ROW()-1) -> 43 | B44: NLS-FI | C44: NLS-FI-04 | D44: =IF($C44="","",IFERROR(VLOOKUP($C44,Map_Register!$A$2:$C$5,3,FALSE()),"")) -> Toponym Labels | E44: Toponym | F44: 700999 | G44: Part of lake | H44: Čaarmâvuonâ | I44: Čaarmâvuonâ; Sarmivuono | J44: smn;fin | K44: Present | N44: Finnish label on top | R44: MapSite NLS-FI
A45: =IF($B45="","",ROW()-1) -> 44 | B45: NLS-FI | C45: NLS-FI-04 | D45: =IF($C45="","",IFERROR(VLOOKUP($C45,Map_Register!$A$2:$C$5,3,FALSE()),"")) -> Toponym Labels | E45: Toponym | F45: 701002 | G45: Former dwelling place | H45: Ala-Mustola | I45: Ala-Mustola | J45: fin | K45: Absent | L45: Yes | M45: Yes | N45: no label found; | O45: No | R45: MapSite NLS-FI
A46: =IF($B46="","",ROW()-1) -> 45 | B46: NLS-FI | C46: NLS-FI-04 | D46: =IF($C46="","",IFERROR(VLOOKUP($C46,Map_Register!$A$2:$C$5,3,FALSE()),"")) -> Toponym Labels | E46: Toponym | F46: 701003 | G46: Other terrain feature | H46: Juvnjälmi | I46: Juvnjälmi | J46: smn | K46: Absent | L46: Yes | M46: No | N46: no label found; enough space for label | O46: No | R46: MapSite NLS-FI
A47: =IF($B47="","",ROW()-1) -> 46 | B47: NLS-FI | C47: NLS-FI-04 | D47: =IF($C47="","",IFERROR(VLOOKUP($C47,Map_Register!$A$2:$C$5,3,FALSE()),"")) -> Toponym Labels | E47: Toponym | F47: 701004 | G47: House | H47: Einari | I47: Einari | J47: fin | K47: Present | N47: House ; Importance likely; Secluded areas | R47: MapSite NLS-FI
A48: =IF($B48="","",ROW()-1) -> 47 | B48: NLS-FI | C48: NLS-FI-04 | D48: =IF($C48="","",IFERROR(VLOOKUP($C48,Map_Register!$A$2:$C$5,3,FALSE()),"")) -> Toponym Labels | E48: Toponym | F48: 701005 | G48: Lake or pond | H48: Kähteejáávráš | I48: Kähteejáávráš; Kaakkurijärvi | J48: smn;fin | K48: Present | N48: Finnish label on top | R48: MapSite NLS-FI
A49: =IF($B49="","",ROW()-1) -> 48 | B49: NLS-FI | C49: NLS-FI-04 | D49: =IF($C49="","",IFERROR(VLOOKUP($C49,Map_Register!$A$2:$C$5,3,FALSE()),"")) -> Toponym Labels | E49: Toponym | F49: 701006 | G49: Lake or pond | H49: Annin Jäkälännostamajärvi | I49: Annin Jäkälännostamajärvi; Ánnáá Jävilkoccoomjáávráš | J49: fin;smn | K49: Absent | L49: Yes | M49: Yes | N49: No label found in area ; feature is small | O49: No | R49: MapSite NLS-FI
A50: =IF($B50="","",ROW()-1) -> 49 | B50: NLS-FI | C50: NLS-FI-04 | D50: =IF($C50="","",IFERROR(VLOOKUP($C50,Map_Register!$A$2:$C$5,3,FALSE()),"")) -> Toponym Labels | E50: Toponym | F50: 701008 | G50: Lake or pond | H50: Käldeejáávráš | I50: Käldeejáávráš; Kaltiolampi | J50: smn;fin | K50: Absent | L50: Yes | M50: Yes | N50: No label found in area ; feature is small | O50: No | R50: MapSite NLS-FI
A51: =IF($B51="","",ROW()-1) -> 50 | B51: NLS-FI | C51: NLS-FI-04 | D51: =IF($C51="","",IFERROR(VLOOKUP($C51,Map_Register!$A$2:$C$5,3,FALSE()),"")) -> Toponym Labels | E51: Toponym | F51: 701009 | G51: Lake or pond | H51: Kaitajärvi | I51: Kaitajärvi; Skäiđijävri | J51: fin;smn | K51: Present | N51: Finnish label on top | R51: MapSite NLS-FI
A52: =IF($B52="","",ROW()-1) -> 51 | B52: NLS-FI | C52: NLS-FI-04 | D52: =IF($C52="","",IFERROR(VLOOKUP($C52,Map_Register!$A$2:$C$5,3,FALSE()),"")) -> Toponym Labels | E52: Toponym | F52: 701010 | G52: Elevation | H52: Cuobbuuváárááš | I52: Cuobbuuváárááš; Sammakkovaara | J52: smn;fin | K52: Present | N52: Finnish in top ; no OSM reference | R52: MapSite NLS-FI
A53: =IF($B53="","",ROW()-1) -> 52 | B53: NLS-FI | C53: NLS-FI-04 | D53: =IF($C53="","",IFERROR(VLOOKUP($C53,Map_Register!$A$2:$C$5,3,FALSE()),"")) -> Toponym Labels | E53: Toponym | F53: 701011 | G53: Lake or pond | H53: Cuobbuujáávráš | I53: Cuobbuujáávráš; Sammakkojärvi | J53: smn;fin | K53: Absent | L53: Yes | M53: Yes | N53: No label found in area ; feature is small | O53: No | R53: MapSite NLS-FI
A54: =IF($B54="","",ROW()-1) -> 53 | B54: NLS-FI | C54: NLS-FI-04 | D54: =IF($C54="","",IFERROR(VLOOKUP($C54,Map_Register!$A$2:$C$5,3,FALSE()),"")) -> Toponym Labels | E54: Toponym | F54: 701012 | G54: Lake or pond | H54: Nuottamojärvi | I54: Nuottamojärvi; Koldemjävri | J54: fin;smn | K54: Present | N54: Finnish label on top | R54: MapSite NLS-FI
A55: =IF($B55="","",ROW()-1) -> 54 | B55: NLS-FI | C55: NLS-FI-04 | D55: =IF($C55="","",IFERROR(VLOOKUP($C55,Map_Register!$A$2:$C$5,3,FALSE()),"")) -> Toponym Labels | E55: Toponym | F55: 701016 | G55: Forested area | H55: Puolžâ | I55: Puolžâ; Harjumaa | J55: smn;fin | K55: Absent | L55: Yes | M55: No | N55: maybe sheet cutoff; | O55: No | R55: MapSite NLS-FI
A56: =IF($B56="","",ROW()-1) -> 55 | B56: NLS-FI | C56: NLS-FI-04 | D56: =IF($C56="","",IFERROR(VLOOKUP($C56,Map_Register!$A$2:$C$5,3,FALSE()),"")) -> Toponym Labels | E56: Toponym | F56: 701018 | G56: Lake or pond | H56: Kaitajärvenlompola | I56: Kaitajärvenlompola; Skäiđijävrluobâl | J56: fin;smn | K56: Absent | L56: Yes | M56: Yes | N56: size | O56: No | R56: MapSite NLS-FI
A57: =IF($B57="","",ROW()-1) -> 56 | B57: NLS-FI | C57: NLS-FI-04 | D57: =IF($C57="","",IFERROR(VLOOKUP($C57,Map_Register!$A$2:$C$5,3,FALSE()),"")) -> Toponym Labels | E57: Toponym | F57: 701019 | G57: Elevation | H57: Skäiđivääri | I57: Skäiđivääri; Kaitavaara | J57: smn;fin | K57: Absent | L57: Yes | M57: No | N57: no label found; enough space ; genealization unlikely | O57: No | R57: MapSite NLS-FI
A58: =IF($B58="","",ROW()-1) -> 57 | B58: NLS-FI | C58: NLS-FI-04 | D58: =IF($C58="","",IFERROR(VLOOKUP($C58,Map_Register!$A$2:$C$5,3,FALSE()),"")) -> Toponym Labels | E58: Toponym | F58: 701020 | G58: Lake or pond | H58: Mikonlampi | I58: Mikonlampi; Pälgispeljáávráš | J58: fin;smn | K58: Absent | L58: Yes | M58: Yes | N58: size | O58: No | R58: MapSite NLS-FI
A59: =IF($B59="","",ROW()-1) -> 58 | B59: NLS-FI | C59: NLS-FI-04 | D59: =IF($C59="","",IFERROR(VLOOKUP($C59,Map_Register!$A$2:$C$5,3,FALSE()),"")) -> Toponym Labels | E59: Toponym | F59: 701021 | G59: Island or islet | H59: Akkasaari | I59: Akkasaari; Kálgusuolluš | J59: fin;smn | K59: Absent | L59: Yes | M59: Yes | N59: size | O59: No | R59: MapSite NLS-FI
A60: =IF($B60="","",ROW()-1) -> 59 | B60: NLS-FI | C60: NLS-FI-04 | D60: =IF($C60="","",IFERROR(VLOOKUP($C60,Map_Register!$A$2:$C$5,3,FALSE()),"")) -> Toponym Labels | E60: Toponym | F60: 701026 | G60: Lake or pond | H60: Sarmilompola | I60: Sarmilompola; Čaarmâluobâl | J60: fin;smn | K60: Present | N60: Finnish label on top | R60: MapSite NLS-FI
A61: =IF($B61="","",ROW()-1) -> 60 | B61: NLS-FI | C61: NLS-FI-04 | D61: =IF($C61="","",IFERROR(VLOOKUP($C61,Map_Register!$A$2:$C$5,3,FALSE()),"")) -> Toponym Labels | E61: Toponym | F61: 701027 | G61: Island or islet | H61: Leipäsaari | I61: Leipäsaari; Leibisuálui | J61: fin;smn | K61: Absent | L61: Yes | M61: Yes | N61: size | O61: No | R61: MapSite NLS-FI
A62: =IF($B62="","",ROW()-1) -> 61 | B62: NLS-FI | C62: NLS-FI-04 | D62: =IF($C62="","",IFERROR(VLOOKUP($C62,Map_Register!$A$2:$C$5,3,FALSE()),"")) -> Toponym Labels | E62: Toponym | F62: 701028 | G62: Cape | H62: Rovaniemi | I62: Rovaniemi; Ruávinjargâ | J62: fin;smn | K62: Absent | L62: Yes | M62: No | N62: no label found; | O62: No | R62: MapSite NLS-FI
A63: =IF($B63="","",ROW()-1) -> 62 | B63: NLS-FI | C63: NLS-FI-04 | D63: =IF($C63="","",IFERROR(VLOOKUP($C63,Map_Register!$A$2:$C$5,3,FALSE()),"")) -> Toponym Labels | E63: Toponym | F63: 701029 | G63: Island or islet | H63: Kapteeninsaari | I63: Kapteeninsaari; Čappurassuálui | J63: fin;smn | K63: Absent | L63: Yes | M63: Yes | N63: size | O63: No | R63: MapSite NLS-FI
A64: =IF($B64="","",ROW()-1) -> 63 | B64: NLS-FI | C64: NLS-FI-04 | D64: =IF($C64="","",IFERROR(VLOOKUP($C64,Map_Register!$A$2:$C$5,3,FALSE()),"")) -> Toponym Labels | E64: Toponym | F64: 701030 | G64: Island or islet | H64: Matalasaari | I64: Matalasaari; Segissuálui | J64: fin;smn | K64: Absent | L64: Yes | M64: Yes | N64: size | O64: No | R64: MapSite NLS-FI
A65: =IF($B65="","",ROW()-1) -> 64 | B65: NLS-FI | C65: NLS-FI-04 | D65: =IF($C65="","",IFERROR(VLOOKUP($C65,Map_Register!$A$2:$C$5,3,FALSE()),"")) -> Toponym Labels | E65: Toponym | F65: 701031 | G65: Island or islet | H65: Vihellyssaari | I65: Vihellyssaari; Njurgomsuálui | J65: fin;smn | K65: Absent | L65: Yes | M65: Yes | N65: size | O65: No | R65: MapSite NLS-FI
A66: =IF($B66="","",ROW()-1) -> 65 | B66: NLS-FI | C66: NLS-FI-04 | D66: =IF($C66="","",IFERROR(VLOOKUP($C66,Map_Register!$A$2:$C$5,3,FALSE()),"")) -> Toponym Labels | E66: Toponym | F66: 701034 | G66: Lake or pond | H66: Tuvesiägáájáávráš | I66: Tuvesiägáájáávráš; Tuvanselkäjärvi | J66: smn;fin | K66: Absent | L66: Yes | M66: Yes | N66: No label found in area ; feature is small | O66: No | R66: MapSite NLS-FI
A67: =IF($B67="","",ROW()-1) -> 66 | B67: NLS-FI | C67: NLS-FI-04 | D67: =IF($C67="","",IFERROR(VLOOKUP($C67,Map_Register!$A$2:$C$5,3,FALSE()),"")) -> Toponym Labels | E67: Toponym | F67: 701035 | G67: Lake or pond | H67: Ruáhujáávráš | I67: Ruáhujáávráš; Rytilampi | J67: smn;fin | K67: Absent | L67: Yes | M67: Yes | N67: No label found in area ; feature is small | O67: No | R67: MapSite NLS-FI
A68: =IF($B68="","",ROW()-1) -> 67 | B68: NLS-FI | C68: NLS-FI-04 | D68: =IF($C68="","",IFERROR(VLOOKUP($C68,Map_Register!$A$2:$C$5,3,FALSE()),"")) -> Toponym Labels | E68: Toponym | F68: 701038 | G68: Lake or pond | H68: Lauttajärvi | I68: Lauttajärvi; Puornâjáávráš | J68: fin;smn | K68: Absent | L68: Yes | M68: Yes | N68: size | O68: No | R68: MapSite NLS-FI
A69: =IF($B69="","",ROW()-1) -> 68 | B69: NLS-FI | C69: NLS-FI-04 | D69: =IF($C69="","",IFERROR(VLOOKUP($C69,Map_Register!$A$2:$C$5,3,FALSE()),"")) -> Toponym Labels | E69: Toponym | F69: 701039 | G69: Lake or pond | H69: Kynsikoskenjärvi | I69: Kynsikoskenjärvi; Kozzâkuoškjáávráš | J69: fin;smn | K69: Present | N69: Finnish label on top | R69: MapSite NLS-FI
A70: =IF($B70="","",ROW()-1) -> 69 | B70: NLS-FI | C70: NLS-FI-04 | D70: =IF($C70="","",IFERROR(VLOOKUP($C70,Map_Register!$A$2:$C$5,3,FALSE()),"")) -> Toponym Labels | E70: Toponym | F70: 701040 | G70: Watercourse | H70: Ruijanjoki | I70: Ruijanjoki; Tarruujuuhâ | J70: fin;smn | K70: Absent | L70: Yes | M70: Yes | N70: No label found in area ; feature is small ; another label on top | O70: No | R70: MapSite NLS-FI
A71: =IF($B71="","",ROW()-1) -> 70 | B71: NLS-FI | C71: NLS-FI-04 | D71: =IF($C71="","",IFERROR(VLOOKUP($C71,Map_Register!$A$2:$C$5,3,FALSE()),"")) -> Toponym Labels | E71: Toponym | F71: 701041 | G71: Lake or pond | H71: Toorâhjävri | I71: Toorâhjävri; Torahjärvi | J71: smn;fin | K71: Absent | L71: Yes | M71: Yes | N71: size | O71: No | R71: MapSite NLS-FI
A72: =IF($B72="","",ROW()-1) -> 71 | B72: NLS-FI | C72: NLS-FI-04 | D72: =IF($C72="","",IFERROR(VLOOKUP($C72,Map_Register!$A$2:$C$5,3,FALSE()),"")) -> Toponym Labels | E72: Toponym | F72: 701042 | G72: Elevation | H72: Beahcevuotkinvárri | I72: Beahcevuotkinvárri; Pecivyetkimvääri; Petäjänkuorimavaara | J72: sme;smn;fin | K72: Present | N72: Finnish in top ; followed by Smn and ten by Sme | R72: MapSite NLS-FI
A73: =IF($B73="","",ROW()-1) -> 72 | B73: NLS-FI | C73: NLS-FI-04 | D73: =IF($C73="","",IFERROR(VLOOKUP($C73,Map_Register!$A$2:$C$5,3,FALSE()),"")) -> Toponym Labels | E73: Toponym | F73: 701043 | G73: Cape | H73: Suáhinjargâ | I73: Suáhinjargâ; Koivuniemi | J73: smn;fin | K73: Absent | L73: Yes | M73: No | N73: no label found | O73: No | R73: MapSite NLS-FI
A74: =IF($B74="","",ROW()-1) -> 73 | B74: NLS-FI | C74: NLS-FI-04 | D74: =IF($C74="","",IFERROR(VLOOKUP($C74,Map_Register!$A$2:$C$5,3,FALSE()),"")) -> Toponym Labels | E74: Toponym | F74: 701045 | G74: Cape | H74: Juomusniemi | I74: Juomusniemi; Juoŋâsnjargâ | J74: fin;smn | K74: Absent | L74: Yes | M74: No | N74: no label found | O74: No | R74: MapSite NLS-FI
A75: =IF($B75="","",ROW()-1) -> 74 | B75: NLS-FI | C75: NLS-FI-04 | D75: =IF($C75="","",IFERROR(VLOOKUP($C75,Map_Register!$A$2:$C$5,3,FALSE()),"")) -> Toponym Labels | E75: Toponym | F75: 701047 | G75: Lake or pond | H75: Silgeejävri | I75: Silgeejävri; Silkejärvi | J75: smn;fin | K75: Present | N75: fin | R75: MapSite NLS-FI
A76: =IF($B76="","",ROW()-1) -> 75 | B76: NLS-FI | C76: NLS-FI-04 | D76: =IF($C76="","",IFERROR(VLOOKUP($C76,Map_Register!$A$2:$C$5,3,FALSE()),"")) -> Toponym Labels | E76: Toponym | F76: 701048 | G76: Lake or pond | H76: Skäiđivärjáávráš | I76: Skäiđivärjáávráš; Kaitavaaranjärvi | J76: smn;fin | K76: Absent | L76: Yes | M76: Yes | N76: size | O76: No | R76: MapSite NLS-FI
A77: =IF($B77="","",ROW()-1) -> 76 | B77: NLS-FI | C77: NLS-FI-04 | D77: =IF($C77="","",IFERROR(VLOOKUP($C77,Map_Register!$A$2:$C$5,3,FALSE()),"")) -> Toponym Labels | E77: Toponym | F77: 701050 | G77: Lake or pond | H77: Leppäjärvi | I77: Leppäjärvi; Leibijáávráš | J77: fin;smn | K77: Absent | L77: Yes | M77: Yes | N77: size | O77: No | R77: MapSite NLS-FI
A78: =IF($B78="","",ROW()-1) -> 77 | B78: NLS-FI | C78: NLS-FI-04 | D78: =IF($C78="","",IFERROR(VLOOKUP($C78,Map_Register!$A$2:$C$5,3,FALSE()),"")) -> Toponym Labels | E78: Toponym | F78: 701051 | G78: Lake or pond | H78: Pyhäjärvi | I78: Pyhäjärvi; Pajebuš Pasejävri | J78: fin;smn | K78: Present | N78: Present | R78: MapSite NLS-FI
A79: =IF($B79="","",ROW()-1) -> 78 | B79: NLS-FI | C79: NLS-FI-04 | D79: =IF($C79="","",IFERROR(VLOOKUP($C79,Map_Register!$A$2:$C$5,3,FALSE()),"")) -> Toponym Labels | E79: Toponym | F79: 701054 | G79: Elevation | H79: Silgeevääri | I79: Silgeevääri; Silkevaara | J79: smn;fin | K79: Present | N79: Finnish label on top | R79: MapSite NLS-FI
A80: =IF($B80="","",ROW()-1) -> 79 | B80: NLS-FI | C80: NLS-FI-04 | D80: =IF($C80="","",IFERROR(VLOOKUP($C80,Map_Register!$A$2:$C$5,3,FALSE()),"")) -> Toponym Labels | E80: Toponym | F80: 701055 | G80: Lake or pond | H80: Radiokämppäjärvi | I80: Radiokämppäjärvi; Mokkejáávráš | J80: fin;smn | K80: Absent | L80: Yes | M80: Yes | N80: size | O80: No | R80: MapSite NLS-FI
A81: =IF($B81="","",ROW()-1) -> 80 | B81: NLS-FI | C81: NLS-FI-04 | D81: =IF($C81="","",IFERROR(VLOOKUP($C81,Map_Register!$A$2:$C$5,3,FALSE()),"")) -> Toponym Labels | E81: Toponym | F81: 701124 | G81: Watercourse | H81: Kynsikoski | I81: Kynsikoski; Kozzâkuoškâ | J81: fin;smn | K81: Absent | L81: Yes | M81: Yes | N81: similar names closeby; finnish at top ; feature is small | O81: No | R81: MapSite NLS-FI
A82: =IF($B82="","",ROW()-1) -> 81 | B82: NLS-FI | C82: NLS-FI-04 | D82: =IF($C82="","",IFERROR(VLOOKUP($C82,Map_Register!$A$2:$C$5,3,FALSE()),"")) -> Toponym Labels | E82: Toponym | F82: 701125 | G82: Rapids | H82: Mannerkoski | I82: Mannerkoski; Maddârkuoškâ | J82: fin;smn | K82: Absent | L82: Yes | M82: Yes | N82: other label on top; corwded space | O82: No | R82: MapSite NLS-FI
A83: =IF($B83="","",ROW()-1) -> 82 | B83: NLS-FI | C83: NLS-FI-04 | D83: =IF($C83="","",IFERROR(VLOOKUP($C83,Map_Register!$A$2:$C$5,3,FALSE()),"")) -> Toponym Labels | E83: Toponym | F83: 701129 | G83: House | H83: Sarmijärvi | I83: Sarmijärvi | J83: fin | K83: Absent | L83: Yes | M83: Yes | N83: House ; likely due to size; ther is enough space for label but size is likely the reason | O83: No | R83: MapSite NLS-FI
A84: =IF($B84="","",ROW()-1) -> 83 | B84: NLS-FI | C84: NLS-FI-04 | D84: =IF($C84="","",IFERROR(VLOOKUP($C84,Map_Register!$A$2:$C$5,3,FALSE()),"")) -> Toponym Labels | E84: Toponym | F84: 701130 | G84: House | H84: Kaisaranta | I84: Kaisaranta | J84: fin | K84: Present | N84: Label for house; single building | R84: MapSite NLS-FI
A85: =IF($B85="","",ROW()-1) -> 84 | B85: NLS-FI | C85: NLS-FI-04 | D85: =IF($C85="","",IFERROR(VLOOKUP($C85,Map_Register!$A$2:$C$5,3,FALSE()),"")) -> Toponym Labels | E85: Toponym | F85: 701131 | G85: House | H85: Vasakaltio | I85: Vasakaltio | J85: fin | K85: Present | N85: House; Importance likely; Secluded area | R85: MapSite NLS-FI
A86: =IF($B86="","",ROW()-1) -> 85 | B86: NLS-FI | C86: NLS-FI-04 | D86: =IF($C86="","",IFERROR(VLOOKUP($C86,Map_Register!$A$2:$C$5,3,FALSE()),"")) -> Toponym Labels | E86: Toponym | F86: 701132 | G86: House | H86: Jänkäperä | I86: Jänkäperä | J86: fin | K86: Absent | L86: Yes | M86: Yes | N86: House ; likely due to size; ther is enough space for label but size is likely the reason | O86: No | R86: MapSite NLS-FI
A87: =IF($B87="","",ROW()-1) -> 86 | B87: NLS-FI | C87: NLS-FI-04 | D87: =IF($C87="","",IFERROR(VLOOKUP($C87,Map_Register!$A$2:$C$5,3,FALSE()),"")) -> Toponym Labels | E87: Toponym | F87: 701133 | G87: House | H87: Mustola | I87: Mustola | J87: fin | K87: Present | N87: House; Importance likely; Secluded area | R87: MapSite NLS-FI
A88: =IF($B88="","",ROW()-1) -> 87 | B88: NLS-FI | C88: NLS-FI-04 | D88: =IF($C88="","",IFERROR(VLOOKUP($C88,Map_Register!$A$2:$C$5,3,FALSE()),"")) -> Toponym Labels | E88: Toponym | F88: 721044 | G88: Forested area | H88: Saunakangas | I88: Saunakangas | J88: fin | K88: Absent | L88: Yes | M88: No | N88: no label found ; forested area | O88: No | R88: MapSite NLS-FI
A89: =IF($B89="","",ROW()-1) -> 88 | B89: NLS-FI | C89: NLS-FI-04 | D89: =IF($C89="","",IFERROR(VLOOKUP($C89,Map_Register!$A$2:$C$5,3,FALSE()),"")) -> Toponym Labels | E89: Toponym | F89: 721045 | G89: Lake or pond | H89: Saukkojänkänjärvi | I89: Saukkojänkänjärvi | J89: fin | K89: Present | N89: label for Lake/pond | R89: MapSite NLS-FI
A90: =IF($B90="","",ROW()-1) -> 89 | B90: NLS-FI | C90: NLS-FI-04 | D90: =IF($C90="","",IFERROR(VLOOKUP($C90,Map_Register!$A$2:$C$5,3,FALSE()),"")) -> Toponym Labels | E90: Toponym | F90: 721046 | G90: Elevation | H90: Karhuselkä | I90: Karhuselkä | J90: fin | K90: Present | N90: Label for elevation; terrain feature | R90: MapSite NLS-FI
A91: =IF($B91="","",ROW()-1) -> 90 | B91: NLS-FI | C91: NLS-FI-04 | D91: =IF($C91="","",IFERROR(VLOOKUP($C91,Map_Register!$A$2:$C$5,3,FALSE()),"")) -> Toponym Labels | E91: Toponym | F91: 721047 | G91: Lake or pond | H91: Saukkolompola | I91: Saukkolompola | J91: fin | K91: Absent | L91: Yes | M91: Yes | N91: size | O91: No | R91: MapSite NLS-FI
A92: =IF($B92="","",ROW()-1) -> 91 | B92: NLS-FI | C92: NLS-FI-04 | D92: =IF($C92="","",IFERROR(VLOOKUP($C92,Map_Register!$A$2:$C$5,3,FALSE()),"")) -> Toponym Labels | E92: Toponym | F92: 721048 | G92: Group of lakes or ponds | H92: Kantturilammet | I92: Kantturilammet | J92: fin | K92: Absent | L92: Yes | M92: No | N92: no label found | O92: No | R92: MapSite NLS-FI
A93: =IF($B93="","",ROW()-1) -> 92 | B93: NLS-FI | C93: NLS-FI-04 | D93: =IF($C93="","",IFERROR(VLOOKUP($C93,Map_Register!$A$2:$C$5,3,FALSE()),"")) -> Toponym Labels | E93: Toponym | F93: 721049 | G93: Elevation | H93: Lehtivaara | I93: Lehtivaara | J93: fin | K93: Present | N93: Label for elevation; terrain feature | R93: MapSite NLS-FI
A94: =IF($B94="","",ROW()-1) -> 93 | B94: NLS-FI | C94: NLS-FI-04 | D94: =IF($C94="","",IFERROR(VLOOKUP($C94,Map_Register!$A$2:$C$5,3,FALSE()),"")) -> Toponym Labels | E94: Toponym | F94: 721050 | G94: Lake or pond | H94: Tammukkajärvi | I94: Tammukkajärvi; Veejeehjáávráš | J94: fin;smn | K94: Present | N94: Tammukkajärvi at top ; Veejeehjáávráš bottom | R94: MapSite NLS-FI
A95: =IF($B95="","",ROW()-1) -> 94 | B95: NLS-FI | C95: NLS-FI-04 | D95: =IF($C95="","",IFERROR(VLOOKUP($C95,Map_Register!$A$2:$C$5,3,FALSE()),"")) -> Toponym Labels | E95: Toponym | F95: 721051 | G95: Lake or pond | H95: Taimenlampi | I95: Taimenlampi | J95: fin | K95: Absent | L95: Yes | M95: Yes | N95: size | O95: No | R95: MapSite NLS-FI
A96: =IF($B96="","",ROW()-1) -> 95 | B96: NLS-FI | C96: NLS-FI-04 | D96: =IF($C96="","",IFERROR(VLOOKUP($C96,Map_Register!$A$2:$C$5,3,FALSE()),"")) -> Toponym Labels | E96: Toponym | F96: 721052 | G96: Marsh or paludified area | H96: Kaivosjänkkä | I96: Kaivosjänkkä | J96: fin | K96: Absent | L96: Yes | M96: No | N96: no label found | O96: No | R96: MapSite NLS-FI
A97: =IF($B97="","",ROW()-1) -> 96 | B97: NLS-FI | C97: NLS-FI-04 | D97: =IF($C97="","",IFERROR(VLOOKUP($C97,Map_Register!$A$2:$C$5,3,FALSE()),"")) -> Toponym Labels | E97: Toponym | F97: 721053 | G97: Lake or pond | H97: Pahtajärvi | I97: Pahtajärvi; Pähtijävri | J97: fin;smn | K97: Present | N97: Finnish label on top | R97: MapSite NLS-FI
A98: =IF($B98="","",ROW()-1) -> 97 | B98: NLS-FI | C98: NLS-FI-04 | D98: =IF($C98="","",IFERROR(VLOOKUP($C98,Map_Register!$A$2:$C$5,3,FALSE()),"")) -> Toponym Labels | E98: Toponym | F98: 721054 | G98: Lake or pond | H98: Pahtalompola | I98: Pahtalompola | J98: fin | K98: Absent | L98: Yes | M98: Yes | N98: size | O98: No | R98: MapSite NLS-FI
A99: =IF($B99="","",ROW()-1) -> 98 | B99: NLS-FI | C99: NLS-FI-04 | D99: =IF($C99="","",IFERROR(VLOOKUP($C99,Map_Register!$A$2:$C$5,3,FALSE()),"")) -> Toponym Labels | E99: Toponym | F99: 721055 | G99: Watercourse | H99: Pahtaoja | I99: Pahtaoja | J99: fin | K99: Present | N99: label for watercourse | R99: MapSite NLS-FI
A100: =IF($B100="","",ROW()-1) -> 99 | B100: NLS-FI | C100: NLS-FI-04 | D100: =IF($C100="","",IFERROR(VLOOKUP($C100,Map_Register!$A$2:$C$5,3,FALSE()),"")) -> Toponym Labels | E100: Toponym | F100: 721056 | G100: Group of lakes or ponds | H100: Pahtaojanlammet | I100: Pahtaojanlammet | J100: fin | K100: Absent | L100: Yes | M100: Yes | N100: size ; no abel found | O100: No | R100: MapSite NLS-FI
...

Sheet Finland_Border
A1: Record_ID | B1: NMA | C1: Map_ID | D1: Sheet_Type | E1: Category | F1: Feature_Type | G1: Name(If Available) | H1: Code | I1: RenderingStage_Flag | J1: Generalization_Flag | K1: Justification | L1: Specification_Flag | M1: Feature_Count | N1: Bertin_Variable | O1: Reference_Source
A2: =IF($B2="","",ROW()-1) -> 1 | B2: NLS-FI | C2: NLS-FI-01 | D2: =IF($C2="","",IFERROR(VLOOKUP($C2,Map_Register!$A$2:$C$5,3,FALSE()),"")) -> Border Region | E2: Border | F2: Line - International Boundary | G2: Segment 1 | H2: Present (Emphasized) | K2: National Boundary depicted by segmented dash-dot line with an added hashed buffer | M2: 1 | N2: Size and 2 color values | O2: UN Borders***; World Bank Official Borders
A3: =IF($B3="","",ROW()-1) -> 2 | B3: NLS-FI | C3: NLS-FI-01 | D3: =IF($C3="","",IFERROR(VLOOKUP($C3,Map_Register!$A$2:$C$5,3,FALSE()),"")) -> Border Region | E3: Border | F3: Line- Municipal Boundary | G3: Segment 1 | H3: Absent | I3: Yes | J3: Yes | K3: Overlaps with National Boundary, Scale specific? No | L3: No | M3: 1 | O3: MapSite NLS-FI
A4: =IF($B4="","",ROW()-1) -> 3 | B4: NLS-FI | C4: NLS-FI-01 | D4: =IF($C4="","",IFERROR(VLOOKUP($C4,Map_Register!$A$2:$C$5,3,FALSE()),"")) -> Border Region | E4: Border | F4: Line - Province | G4: Segment 1 | H4: Absent | I4: Yes | J4: Yes | K4: Overlaps with National Boundary, Scale specific? No | L4: Yes | M4: 1 | O4: MapSite NLS-FI
A5: =IF($B5="","",ROW()-1) -> 4 | B5: NLS-FI | C5: NLS-FI-01 | D5: =IF($C5="","",IFERROR(VLOOKUP($C5,Map_Register!$A$2:$C$5,3,FALSE()),"")) -> Border Region | E5: Border | F5: Line- Regional Boundary | G5: Segment 1 | H5: Absent | I5: Yes | J5: Yes | K5: Overlaps with National Boundary | L5: No | M5: 1 | O5: MapSite NLS-FI
A6: =IF($B6="","",ROW()-1) -> 5 | B6: NLS-FI | C6: NLS-FI-01 | D6: =IF($C6="","",IFERROR(VLOOKUP($C6,Map_Register!$A$2:$C$5,3,FALSE()),"")) -> Border Region | E6: Border | F6: Line - Rear boundary of boundary Zone | H6: Present | K6: Boundary depicted as a continuous hashed purple line | M6: 1 | O6: Map itself, No other reference
A7: =IF($B7="","",ROW()-1) -> 6 | B7: NLS-FI | C7: NLS-FI-01 | D7: =IF($C7="","",IFERROR(VLOOKUP($C7,Map_Register!$A$2:$C$5,3,FALSE()),"")) -> Border Region | E7: Border | F7: Line- Conservation Area | G7: Segment 1 | H7: Present | K7: rendered as conservation area boundary | M7: 1 | O7: MapSite NLS-FI
A8: =IF($B8="","",ROW()-1) -> 7 | B8: NLS-FI | C8: NLS-FI-01 | D8: =IF($C8="","",IFERROR(VLOOKUP($C8,Map_Register!$A$2:$C$5,3,FALSE()),"")) -> Border Region | E8: Border | F8: Polygon - Conservation Area | G8: Conservation Area | H8: Present | K8: rendered as an enclosed conservation area polygon | M8: 6 | O8: MapSite NLS-FI
A9: =IF($B9="","",ROW()-1) -> 8 | B9: NLS-FI | C9: NLS-FI-02 | D9: =IF($C9="","",IFERROR(VLOOKUP($C9,Map_Register!$A$2:$C$5,3,FALSE()),"")) -> Cultural Heritage Area | E9: Border | F9: Line - Limit of Territorial Waters | G9: Segment 4 | H9: Present | K9: Boundary depicted as patterned line | M9: 1 | O9: MapSite NLS-FI; Marine Regions Org
A10: =IF($B10="","",ROW()-1) -> 9 | B10: NLS-FI | C10: NLS-FI-02 | D10: =IF($C10="","",IFERROR(VLOOKUP($C10,Map_Register!$A$2:$C$5,3,FALSE()),"")) -> Cultural Heritage Area | E10: Border | F10: Line - Municipal Boundary | G10: Segment 1 | H10: Present | K10: Boundary depicted as segmented dash-dot line | M10: 1 | O10: MapSite NLS-FI
A11: =IF($B11="","",ROW()-1) -> 10 | B11: NLS-FI | C11: NLS-FI-02 | D11: =IF($C11="","",IFERROR(VLOOKUP($C11,Map_Register!$A$2:$C$5,3,FALSE()),"")) -> Cultural Heritage Area | E11: Border | F11: Line - Regional Boundary | G11: Segment 2 | H11: Present | K11: Boundary depicted as segmented dash- 2 dot line | M11: 1 | O11: MapSite NLS-FI
A12: =IF($B12="","",ROW()-1) -> 11 | B12: NLS-FI | C12: NLS-FI-02 | D12: =IF($C12="","",IFERROR(VLOOKUP($C12,Map_Register!$A$2:$C$5,3,FALSE()),"")) -> Cultural Heritage Area | E12: Border | F12: Line - Municipal Boundary | G12: Segment 3 | H12: Present | K12: Boundary depicted as segmented dash-dot line | M12: 1 | O12: MapSite NLS-FI
A13: =IF($B13="","",ROW()-1) -> 12 | B13: NLS-FI | C13: NLS-FI-02 | D13: =IF($C13="","",IFERROR(VLOOKUP($C13,Map_Register!$A$2:$C$5,3,FALSE()),"")) -> Cultural Heritage Area | E13: Border | F13: Line - Municipal Boundary | G13: Segment 2 | H13: Absent | I13: Yes | J13: Yes | K13: Overlaps with regional boundary | L13: No | M13: 1 | O13: MapSite NLS-FI
A14: =IF($B14="","",ROW()-1) -> 13 | B14: NLS-FI | C14: NLS-FI-02 | D14: =IF($C14="","",IFERROR(VLOOKUP($C14,Map_Register!$A$2:$C$5,3,FALSE()),"")) -> Cultural Heritage Area | E14: Border | F14: Line- Municipal Boundary | G14: Segment 4 | H14: Absent | I14: Yes | J14: Yes | K14: Overlaps with regional boundary | L14: No | M14: 1 | O14: MapSite NLS-FI
A15: =IF($B15="","",ROW()-1) -> 14 | B15: NLS-FI | C15: NLS-FI-02 | D15: =IF($C15="","",IFERROR(VLOOKUP($C15,Map_Register!$A$2:$C$5,3,FALSE()),"")) -> Cultural Heritage Area | E15: Border | F15: Line- Province Boundary | G15: Segment 4 | H15: Absent | I15: Yes | J15: Yes | K15: Overlaps with limit of territorial water | L15: Yes | M15: 1
A16: =IF($B16="","",ROW()-1) -> 15 | B16: NLS-FI | C16: NLS-FI-02 | D16: =IF($C16="","",IFERROR(VLOOKUP($C16,Map_Register!$A$2:$C$5,3,FALSE()),"")) -> Cultural Heritage Area | E16: Border | F16: Line- Regional Boundary | G16: Segment 4 | H16: Absent | I16: Yes | J16: Yes | K16: Overlaps with limit of territorial water | L16: No | M16: 1 | O16: MapSite NLS-FI
A17: =IF($B17="","",ROW()-1) -> 16 | B17: NLS-FI | C17: NLS-FI-02 | D17: =IF($C17="","",IFERROR(VLOOKUP($C17,Map_Register!$A$2:$C$5,3,FALSE()),"")) -> Cultural Heritage Area | E17: Border | F17: Line- Conservation Area | G17: Segment 5 | H17: Present | K17: rendered as conservation area boundary | M17: 1
A18: =IF($B18="","",ROW()-1) -> 17 | B18: NLS-FI | C18: NLS-FI-02 | D18: =IF($C18="","",IFERROR(VLOOKUP($C18,Map_Register!$A$2:$C$5,3,FALSE()),"")) -> Cultural Heritage Area | E18: Border | F18: Line- Conservation Area | G18: Segment 6 | H18: Present | K18: rendered as conservation area boundary | M18: 1
A19: =IF($B19="","",ROW()-1) -> 18 | B19: NLS-FI | C19: NLS-FI-03 | D19: =IF($C19="","",IFERROR(VLOOKUP($C19,Map_Register!$A$2:$C$5,3,FALSE()),"")) -> Military Zone | E19: Border | F19: Polygon - Conservation Area | G19: Conservation Area | H19: Present | K19: rendered as an enclosed conservation area polygon | M19: 10
A20: =IF($B20="","",ROW()-1) -> 19 | B20: NLS-FI | C20: NLS-FI-03 | D20: =IF($C20="","",IFERROR(VLOOKUP($C20,Map_Register!$A$2:$C$5,3,FALSE()),"")) -> Military Zone | E20: Border | F20: Line - Municipal Boundary | G20: Segment 1 | H20: Present | K20: Boundary depicted as segmented dash-dot line | M20: 1 | O20: MapSite NLS-FI
A21: =IF($B21="","",ROW()-1) -> 20 | B21: NLS-FI | C21: NLS-FI-03 | D21: =IF($C21="","",IFERROR(VLOOKUP($C21,Map_Register!$A$2:$C$5,3,FALSE()),"")) -> Military Zone | E21: Border | F21: Line - Municipal Boundary | G21: Segment 2 | H21: Present | K21: Boundary depicted as segmented dash-dot line | M21: 1 | O21: MapSite NLS-FI
A22: =IF($B22="","",ROW()-1) -> 21 | B22: NLS-FI | C22: NLS-FI-03 | D22: =IF($C22="","",IFERROR(VLOOKUP($C22,Map_Register!$A$2:$C$5,3,FALSE()),"")) -> Military Zone | E22: Border | F22: Line - Municipal Boundary | G22: Segment 3 | H22: Present | K22: Boundary depicted as segmented dash-dot line | M22: 1 | O22: MapSite NLS-FI
A23: =IF($B23="","",ROW()-1) -> 22 | B23: NLS-FI | C23: NLS-FI-03 | D23: =IF($C23="","",IFERROR(VLOOKUP($C23,Map_Register!$A$2:$C$5,3,FALSE()),"")) -> Military Zone | E23: Border | F23: Line-Limit of Territorial Waters | G23: Segment 5 | H23: Present | K23: Boundary symbolized as limits of territorial water , but no exising documentation that the limit of territorial waters exist there | M23: 1
A24: =IF($B24="","",ROW()-1) -> 23 | B24: NLS-FI | C24: NLS-FI-03 | D24: =IF($C24="","",IFERROR(VLOOKUP($C24,Map_Register!$A$2:$C$5,3,FALSE()),"")) -> Military Zone | E24: Border | F24: Line- Conservation Area | G24: Segment 6 | H24: Present | K24: rendered as conservation area boundary | M24: 1
A25: =IF($B25="","",ROW()-1) -> 24 | B25: NLS-FI | C25: NLS-FI-03 | D25: =IF($C25="","",IFERROR(VLOOKUP($C25,Map_Register!$A$2:$C$5,3,FALSE()),"")) -> Military Zone | E25: Border | F25: Polygon - Conservation Area | G25: Conservation Area | H25: Present | K25: rendered as an enclosed conservation area polygon | M25: 15
A26: =IF($B26="","",ROW()-1) -> 25 | B26: NLS-FI | C26: NLS-FI-04 | D26: =IF($C26="","",IFERROR(VLOOKUP($C26,Map_Register!$A$2:$C$5,3,FALSE()),"")) -> Toponym Labels | E26: Border | F26: None within sheet
A27: =IF($B27="","",ROW()-1)
A28: =IF($B28="","",ROW()-1)
A218: =IF($B218="","",ROW()-1) | D218: =IF($C218="","",IFERROR(VLOOKUP($C218,Map_Register!$A$2:$C$5,3,FALSE()),""))
A219: =IF($B219="","",ROW()-1) | D219: =IF($C219="","",IFERROR(VLOOKUP($C219,Map_Register!$A$2:$C$5,3,FALSE()),""))
A220: =IF($B220="","",ROW()-1) | D220: =IF($C220="","",IFERROR(VLOOKUP($C220,Map_Register!$A$2:$C$5,3,FALSE()),""))
A221: =IF($B221="","",ROW()-1) | D221: =IF($C221="","",IFERROR(VLOOKUP($C221,Map_Register!$A$2:$C$5,3,FALSE()),""))
A222: =IF($B222="","",ROW()-1) | D222: =IF($C222="","",IFERROR(VLOOKUP($C222,Map_Register!$A$2:$C$5,3,FALSE()),""))
A223: =IF($B223="","",ROW()-1) | D223: =IF($C223="","",IFERROR(VLOOKUP($C223,Map_Register!$A$2:$C$5,3,FALSE()),""))
A224: =IF($B224="","",ROW()-1) | D224: =IF($C224="","",IFERROR(VLOOKUP($C224,Map_Register!$A$2:$C$5,3,FALSE()),""))
A225: =IF($B225="","",ROW()-1) | D225: =IF($C225="","",IFERROR(VLOOKUP($C225,Map_Register!$A$2:$C$5,3,FALSE()),""))
A226: =IF($B226="","",ROW()-1) | D226: =IF($C226="","",IFERROR(VLOOKUP($C226,Map_Register!$A$2:$C$5,3,FALSE()),""))
A227: =IF($B227="","",ROW()-1) | D227: =IF($C227="","",IFERROR(VLOOKUP($C227,Map_Register!$A$2:$C$5,3,FALSE()),""))
A228: =IF($B228="","",ROW()-1) | D228: =IF($C228="","",IFERROR(VLOOKUP($C228,Map_Register!$A$2:$C$5,3,FALSE()),""))
A229: =IF($B229="","",ROW()-1) | D229: =IF($C229="","",IFERROR(VLOOKUP($C229,Map_Register!$A$2:$C$5,3,FALSE()),""))
... A514: =IF($B514="","",ROW()-1) | D514: =IF($C514="","",IFERROR(VLOOKUP($C514,Map_Register!$A$2:$C$5,3,FALSE()),""))

Sheet Summary
A1: Finland Representation Inventory — Summary of Coding Results
A2: National Mapping Agency: NLS-FI | Auto-summarized from the Coding_Records sheets (Table 7 instrument, Section 3.5). Figures recalculate automatically as records are added.
A3: Note: 'Present' totals include emphasized features (Code beginning "Present"); 'Absent' totals include minor spelling/case variants (Code beginning "Absent"); 'Other/Unclear' captures any remaining codes (e.g. "outside sheet extent").
A5: 1. Overall Coding Results by Category
A6: Category | B6: Total Records | C6: Present | D6: Present (Emphasized) | E6: Absent | F6: Other / Unclear | G6: % Present | H6: % Absent
A7: Culture | B7: =COUNTA(Finland_Culture!I2:I829) -> 828 | C7: =COUNTIF(Finland_Culture!I2:I829,"Present*")-COUNTIF(Finland_Culture!I2:I829,"*Emphasi*") -> 212 | D7: =COUNTIF(Finland_Culture!I2:I829,"*Emphasi*") -> 5 | E7: =COUNTIF(Finland_Culture!I2:I829,"Absent*") -> 606 | F7: =B7-C7-D7-E7 -> 5 | G7: =IF(B7=0,0,(C7+D7)/B7) -> 0.26207729 | H7: =IF(B7=0,0,E7/B7) -> 0.73188406
A8: Border | B8: =COUNTA(Finland_Border!H2:H26) -> 24 | C8: =COUNTIF(Finland_Border!H2:H26,"Present*")-COUNTIF(Finland_Border!H2:H26,"*Emphasi*") -> 16 | D8: =COUNTIF(Finland_Border!H2:H26,"*Emphasi*") -> 1 | E8: =COUNTIF(Finland_Border!H2:H26,"Absent*") -> 7 | F8: =B8-C8-D8-E8 -> 0 | G8: =IF(B8=0,0,(C8+D8)/B8) -> 0.70833333 | H8: =IF(B8=0,0,E8/B8) -> 0.29166667
A9: Military | B9: =COUNTA(Finland_Military!H2:H2) -> 1 | C9: =COUNTIF(Finland_Military!H2:H2,"Present*")-COUNTIF(Finland_Military!H2:H2,"*Emphasi*") -> 0 | D9: =COUNTIF(Finland_Military!H2:H2,"*Emphasi*") -> 0 | E9: =COUNTIF(Finland_Military!H2:H2,"Absent*") -> 1 | F9: =B9-C9-D9-E9 -> 0 | G9: =IF(B9=0,0,(C9+D9)/B9) -> 0 | H9: =IF(B9=0,0,E9/B9) -> 1
A10: Toponym | B10: =COUNTA(Finland_Toponym!K2:K1581) -> 1580 | C10: =COUNTIF(Finland_Toponym!K2:K1581,"Present*")-COUNTIF(Finland_Toponym!K2:K1581,"*Emphasi*") -> 979 | D10: =COUNTIF(Finland_Toponym!K2:K1581,"*Emphasi*") -> 12 | E10: =COUNTIF(Finland_Toponym!K2:K1581,"Absent*") -> 589 | F10: =B10-C10-D10-E10 -> 0 | G10: =IF(B10=0,0,(C10+D10)/B10) -> 0.62721519 | H10: =IF(B10=0,0,E10/B10) -> 0.37278481
A11: TOTAL | B11: =SUM(B7:B10) -> 2433 | C11: =SUM(C7:C10) -> 1207 | D11: =SUM(D7:D10) -> 18 | E11: =SUM(E7:E10) -> 1203 | G11: =IF(B11=0,0,(C11+D11)/B11) -> 0.50349363 | H11: =IF(B11=0,0,E11/B11) -> 0.49445129
A13: 2. Visual Emphasis Analysis (share of Present features that are emphasized)
A14: Category | B14: Present (Total, incl. emphasized) | C14: Present (Emphasized) | D14: % of Present Emphasized
A15: Culture | B15: =C7+D7 -> 217 | C15: =D7 -> 5 | D15: =IF(B15=0,0,C15/B15) -> 0.023041475
A16: Border | B16: =C8+D8 -> 17 | C16: =D8 -> 1 | D16: =IF(B16=0,0,C16/B16) -> 0.058823529
A17: Military | B17: =C9+D9 -> 0 | C17: =D9 -> 0 | D17: =IF(B17=0,0,C17/B17) -> 0
A18: Toponym | B18: =C10+D10 -> 991 | C18: =D10 -> 12 | D18: =IF(B18=0,0,C18/B18) -> 0.012108981
A19: TOTAL | B19: =SUM(B15:B18) -> 1225 | C19: =SUM(C15:C18) -> 18 | D19: =IF(B19=0,0,C19/B19) -> 0.014693878
A21: 3. Absence-Reason Flag Analysis (basis coded for Absent features)
A22: Category | B22: Absent Total | C22: Rendering-Stage Omission (Yes) | D22: Specification Gap (Yes) | E22: Generalization- Attributed (Yes)
A23: Culture | B23: =E7 -> 606 | C23: =COUNTIF(Finland_Culture!J2:J829,"*Yes*") -> 606 | D23: =COUNTIF(Finland_Culture!M2:M829,"*Yes*") -> 0 | E23: =COUNTIF(Finland_Culture!K2:K829,"*Yes*") -> 605
A24: Border | B24: =E8 -> 7 | C24: =COUNTIF(Finland_Border!I2:I26,"*Yes*") -> 7 | D24: =COUNTIF(Finland_Border!L2:L26,"*Yes*") -> 2 | E24: =COUNTIF(Finland_Border!J2:J26,"*Yes*") -> 7
A25: Military | B25: =E9 -> 1 | C25: =COUNTIF(Finland_Military!I2:I2,"*Yes*") -> 0 | D25: =COUNTIF(Finland_Military!L2:L2,"*Yes*") -> 1 | E25: =COUNTIF(Finland_Military!J2:J2,"*Yes*") -> 0
A26: Toponym | B26: =E10 -> 589 | C26: =COUNTIF(Finland_Toponym!L2:L1581,"*Yes*") -> 589 | D26: =COUNTIF(Finland_Toponym!O2:O1581,"*Yes*") -> 0 | E26: =COUNTIF(Finland_Toponym!M2:M1581,"*Yes*") -> 451
A27: TOTAL | B27: =SUM(B23:B26) -> 1203 | C27: =SUM(C23:C26) -> 1202 | D27: =SUM(D23:D26) -> 3 | E27: =SUM(E23:E26) -> 1063
A29: Note: a record may carry more than one flag, so flag counts need not sum to the Absent total; N/A and blank entries are excluded from these counts.
A31: 4. Coding Coverage by Map Sample
A32: Map ID | B32: Area / Context | C32: Sheet Type | D32: Total Records | E32: Present | F32: Absent | G32: % Absent
A33: =Map_Register!A2 -> NLS-FI-01 | B33: =Map_Register!D2 -> Eastern Lapland (Russian border; close to ceded Karelian zone) | C33: =Map_Register!C2 -> Border Region | D33: =COUNTIF(Finland_Culture!$C$2:$C$829,$A33)+COUNTIF(Finland_Border!$C$2:$C$26,$A33)+COUNTIF(Finland_Military!$C$2:$C$2,$A33)+COUNTIF(Finland_Toponym!$C$2:$C$1581,$A33) -> 291 | E33: =COUNTIFS(Finland_Culture!$C$2:$C$829,$A33,Finland_Culture!$I$2:$I$829,"Present*")+COUNTIFS(Finland_Border!$C$2:$C$26,$A33,Finland_Border!$H$2:$H$26,"Present*")+COUNTIFS(Finland_Military!$C$2:$C$2,$A33,Finland_Military!$H$2:$H$2,"Present*")+COUNTIFS(Finland_Toponym!$C$2:$C$1581,$A33,Finland_Toponym!$K$2:$K$1581,"Present*") -> 217 | F33: =COUNTIFS(Finland_Culture!$C$2:$C$829,$A33,Finland_Culture!$I$2:$I$829,"Absent*")+COUNTIFS(Finland_Border!$C$2:$C$26,$A33,Finland_Border!$H$2:$H$26,"Absent*")+COUNTIFS(Finland_Military!$C$2:$C$2,$A33,Finland_Military!$H$2:$H$2,"Absent*")+COUNTIFS(Finland_Toponym!$C$2:$C$1581,$A33,Finland_Toponym!$K$2:$K$1581,"Absent*") -> 73 | G33: =IF(D33=0,0,F33/D33) -> 0.25085911
A34: =Map_Register!A3 -> NLS-FI-02 | B34: =Map_Register!D3 -> Old Rauma ( UNESCO WHS) | C34: =Map_Register!C3 -> Cultural Heritage Area | D34: =COUNTIF(Finland_Culture!$C$2:$C$829,$A34)+COUNTIF(Finland_Border!$C$2:$C$26,$A34)+COUNTIF(Finland_Military!$C$2:$C$2,$A34)+COUNTIF(Finland_Toponym!$C$2:$C$1581,$A34) -> 208 | E34: =COUNTIFS(Finland_Culture!$C$2:$C$829,$A34,Finland_Culture!$I$2:$I$829,"Present*")+COUNTIFS(Finland_Border!$C$2:$C$26,$A34,Finland_Border!$H$2:$H$26,"Present*")+COUNTIFS(Finland_Military!$C$2:$C$2,$A34,Finland_Military!$H$2:$H$2,"Present*")+COUNTIFS(Finland_Toponym!$C$2:$C$1581,$A34,Finland_Toponym!$K$2:$K$1581,"Present*") -> 104 | F34: =COUNTIFS(Finland_Culture!$C$2:$C$829,$A34,Finland_Culture!$I$2:$I$829,"Absent*")+COUNTIFS(Finland_Border!$C$2:$C$26,$A34,Finland_Border!$H$2:$H$26,"Absent*")+COUNTIFS(Finland_Military!$C$2:$C$2,$A34,Finland_Military!$H$2:$H$2,"Absent*")+COUNTIFS(Finland_Toponym!$C$2:$C$1581,$A34,Finland_Toponym!$K$2:$K$1581,"Absent*") -> 102 | G34: =IF(D34=0,0,F34/D34) -> 0.49038462
A35: =Map_Register!A4 -> NLS-FI-03 | B35: =Map_Register!D4 -> Upinniemi Naval Base | C35: =Map_Register!C4 -> Military Zone | D35: =COUNTIF(Finland_Culture!$C$2:$C$829,$A35)+COUNTIF(Finland_Border!$C$2:$C$26,$A35)+COUNTIF(Finland_Military!$C$2:$C$2,$A35)+COUNTIF(Finland_Toponym!$C$2:$C$1581,$A35) -> 696 | E35: =COUNTIFS(Finland_Culture!$C$2:$C$829,$A35,Finland_Culture!$I$2:$I$829,"Present*")+COUNTIFS(Finland_Border!$C$2:$C$26,$A35,Finland_Border!$H$2:$H$26,"Present*")+COUNTIFS(Finland_Military!$C$2:$C$2,$A35,Finland_Military!$H$2:$H$2,"Present*")+COUNTIFS(Finland_Toponym!$C$2:$C$1581,$A35,Finland_Toponym!$K$2:$K$1581,"Present*") -> 272 | F35: =COUNTIFS(Finland_Culture!$C$2:$C$829,$A35,Finland_Culture!$I$2:$I$829,"Absent*")+COUNTIFS(Finland_Border!$C$2:$C$26,$A35,Finland_Border!$H$2:$H$26,"Absent*")+COUNTIFS(Finland_Military!$C$2:$C$2,$A35,Finland_Military!$H$2:$H$2,"Absent*")+COUNTIFS(Finland_Toponym!$C$2:$C$1581,$A35,Finland_Toponym!$K$2:$K$1581,"Absent*") -> 424 | G35: =IF(D35=0,0,F35/D35) -> 0.6091954
A36: =Map_Register!A5 -> NLS-FI-04 | B36: =Map_Register!D5 -> Inari municipality | C36: =Map_Register!C5 -> Toponym Labels | D36: =COUNTIF(Finland_Culture!$C$2:$C$829,$A36)+COUNTIF(Finland_Border!$C$2:$C$26,$A36)+COUNTIF(Finland_Military!$C$2:$C$2,$A36)+COUNTIF(Finland_Toponym!$C$2:$C$1581,$A36) -> 1239 | E36: =COUNTIFS(Finland_Culture!$C$2:$C$829,$A36,Finland_Culture!$I$2:$I$829,"Present*")+COUNTIFS(Finland_Border!$C$2:$C$26,$A36,Finland_Border!$H$2:$H$26,"Present*")+COUNTIFS(Finland_Military!$C$2:$C$2,$A36,Finland_Military!$H$2:$H$2,"Present*")+COUNTIFS(Finland_Toponym!$C$2:$C$1581,$A36,Finland_Toponym!$K$2:$K$1581,"Present*") -> 632 | F36: =COUNTIFS(Finland_Culture!$C$2:$C$829,$A36,Finland_Culture!$I$2:$I$829,"Absent*")+COUNTIFS(Finland_Border!$C$2:$C$26,$A36,Finland_Border!$H$2:$H$26,"Absent*")+COUNTIFS(Finland_Military!$C$2:$C$2,$A36,Finland_Military!$H$2:$H$2,"Absent*")+COUNTIFS(Finland_Toponym!$C$2:$C$1581,$A36,Finland_Toponym!$K$2:$K$1581,"Absent*") -> 604 | G36: =IF(D36=0,0,F36/D36) -> 0.48748991
A37: TOTAL | D37: =SUM(D33:D36) -> 2434 | E37: =SUM(E33:E36) -> 1225 | F37: =SUM(F33:F36) -> 1203 | G37: =IF(D37=0,0,F37/D37) -> 0.49424815
A39: Headline Figures
A40: Total coded features (all categories) | F40: =B11 -> 2433
A41: Overall % Present (incl. emphasized) | F41: =G11 -> 0.50349363
A42: Overall % Absent | F42: =H11 -> 0.49445129
A43: Overall % of Present features visually emphasized | F43: =IF((C11+D11)=0,0,D11/(C11+D11)) -> 0.014693878

Sheet Lists
A1: NMA | B1: Category | C1: Code | D1: RenderingStage_Flag | E1: YN | F1: Bertin_Variable | G1: Sheet_Type
A2: BEV | B2: Military | C2: Absent | D2: Y | E2: Y | F2: Size | G2: Border Region
A3: NLS-FI | B3: Border | C3: Present | D3: N/A | E3: N | F3: Value | G3: Cultural Heritage Area
A4: IGN | B4: Cultural | C4: Present (Emphasized) | F4: Color | G4: Military Zone
B5: Toponym | C5: Present (De-emphasized) | F5: Typographic weight | G5: Toponym Labels
C6: Present (Differentiated) | F6: Position | G6: Control / Ordinary Area
F7: Line style
F8: N/A
